city,country,latitude,longitude,temperature,humidity,cloudiness,wind_speed
tulungagung,id,-8,112,27.79,91.0,24.0,1.23
lakhimpur,in,27,94,20.19,100.0,100.0,1.88
turinsk,ru,58,64,-0.92,51.0,88.0,1.78
singarayakonda,in,15,81,32.09,52.0,48.0,2.58
san lorenzo,ar,-28,-59,28.79,80.0,88.0,2.48
karachev,ru,53,35,6.89,61.0,0.0,9.73
chimbote,pe,-10,-81,18.14,93.0,0.0,2.08
nanchong,cn,31,106,18.99,100.0,92.0,2.23
tari,pg,-6,143,25.29,68.0,8.0,3.98
ilinskiy,ru,61,32,3.65,71.0,75.0,11.0
longhua,cn,29,107,20.0,100.0,90.0,2.0
mgandu,tz,-6,34,14.99,96.0,12.0,2.43
bonga,et,7,36,15.49,100.0,64.0,0.53
kennewick,us,46,-119,14.49,28.0,40.0,6.7
suamico,us,45,-88,6.84,56.0,1.0,1.18
ahuimanu,us,32,-154,26.25,78.0,40.0,5.7
papayal,pe,-4,-81,13.0,100.0,40.0,1.5
estevan,ca,49,-103,14.0,54.0,1.0,9.3
deneysville,za,-27,28,7.0,93.0,0.0,2.08
gedinne,be,50,5,14.51,82.0,0.0,0.5
fukue,jp,33,126,21.0,68.0,20.0,1.5
harqalah,tn,36,10,8.99,89.0,12.0,1.83
maryville,us,41,-95,12.0,40.0,40.0,3.1
uyemskiy,ru,65,41,-7.0,73.0,20.0,4.0
tura,ru,65,101,23.49,94.0,0.0,1.68
contai,in,21,88,30.99,83.0,24.0,9.43
blytheville,us,36,-90,19.4,42.0,1.0,4.1
kirzhach,ru,56,39,-0.17,88.0,92.0,12.73
butembo,cd,0,29,16.94,98.0,88.0,0.73
odienne,ci,10,-8,24.89,74.0,0.0,3.33
santa rosalia,mx,27,-113,12.0,87.0,0.0,1.5
venado tuerto,ar,-33,-62,19.19,93.0,8.0,3.88
arantangi,in,10,79,29.64,79.0,8.0,1.83
savinka,ru,50,47,9.59,62.0,44.0,9.78
astana,kz,51,72,10.0,93.0,90.0,8.0
cutro,it,39,17,10.0,100.0,0.0,2.1
iquique,cl,-21,-73,19.0,72.0,0.0,2.6
sao felix do xingu,br,-6,-51,21.94,100.0,64.0,0.63
bahia blanca,ar,-38,-63,22.54,62.0,0.0,6.63
coroico,bo,-16,-68,3.0,86.0,20.0,2.6
dingzhou,cn,39,115,12.0,93.0,90.0,4.0
shar,kz,49,82,24.79,92.0,56.0,5.08
tumut,au,-36,148,17.89,86.0,20.0,1.18
nybro,se,57,16,4.88,81.0,0.0,2.6
eenhana,na,-17,17,20.0,77.0,0.0,1.0
primorsko-akhtarsk,ru,46,38,11.84,85.0,56.0,9.33
kreuztal,de,51,8,11.98,82.0,0.0,0.5
tarauaca,br,-10,-71,23.69,94.0,56.0,1.13
misasi,tz,-3,33,17.59,100.0,92.0,1.68
rocha,uy,-37,-53,18.29,94.0,68.0,1.23
wanxian,cn,31,108,25.09,66.0,44.0,1.13
ejea de los caballeros,es,42,-1,13.0,82.0,0.0,1.0
baoro,cf,6,16,23.44,80.0,44.0,2.13
mazsalaca,lv,58,25,5.24,68.0,0.0,6.48
maumere,id,-7,123,30.29,96.0,8.0,4.18
marshalltown,us,42,-93,10.85,50.0,75.0,6.7
sebastian,us,28,-80,23.5,78.0,90.0,8.7
ambo,pe,-10,-76,12.09,89.0,76.0,0.53
motygino,ru,58,95,7.14,86.0,48.0,2.98
nova vicosa,br,-19,-38,21.44,92.0,44.0,3.23
marawi,sd,21,31,23.29,100.0,76.0,0.48
macroom,ie,52,-9,9.0,100.0,75.0,3.6
lake charles,us,30,-93,21.0,73.0,90.0,5.1
semporna,my,4,119,31.0,74.0,75.0,2.1
kalaiya,np,27,85,29.89,32.0,0.0,2.98
kingussie,gb,57,-4,7.49,93.0,56.0,1.0
finschhafen,pg,-7,148,26.99,77.0,64.0,1.58
kurilsk,ru,47,146,0.64,95.0,24.0,6.48
alice town,bs,26,-79,25.59,100.0,76.0,7.93
intipuca,sv,13,-88,33.0,43.0,0.0,1.0
taksimo,ru,56,116,6.44,47.0,32.0,1.23
venustiano carranza,mx,25,-103,21.57,76.0,90.0,5.7
ipatovo,ru,46,43,7.69,75.0,0.0,5.93
stephenville,ca,49,-59,14.2,82.0,90.0,9.8
magway,mm,20,95,31.89,59.0,0.0,1.88
damietta,eg,33,32,19.0,68.0,20.0,6.2
tucano,br,-11,-39,20.14,94.0,32.0,2.83
las tunas,cu,21,-77,24.29,80.0,12.0,4.83
mangai,cd,-4,19,23.94,96.0,80.0,0.98
kingsville,us,27,-98,10.22,61.0,75.0,1.03
jian,cn,27,115,25.49,71.0,100.0,4.48
ritto,jp,35,136,21.51,52.0,0.0,3.6
morwa,in,23,74,28.09,38.0,0.0,2.03
belyy,ru,56,33,5.69,83.0,92.0,7.03
litovko,ru,50,134,12.44,19.0,0.0,4.23
sioux lookout,ca,53,-90,7.62,55.0,20.0,2.38
khanu woralaksaburi,th,16,100,33.34,60.0,0.0,2.08
damaturu,ng,12,12,22.44,45.0,20.0,3.48
phangnga,th,9,98,27.71,74.0,20.0,2.1
puerto escondido,mx,8,-99,28.89,100.0,0.0,5.48
ibirite,br,-20,-44,18.29,72.0,0.0,4.6
pueblo,us,38,-104,5.09,61.0,90.0,3.6
bethalto,us,39,-90,15.44,51.0,1.0,5.7
shetpe,kz,45,53,8.44,92.0,0.0,3.48
cheltenham,gb,52,-2,14.46,82.0,75.0,2.6
tongren,cn,28,109,20.59,100.0,92.0,1.48
castrillon,es,43,-7,14.0,82.0,0.0,2.6
bikin,ru,47,134,11.99,40.0,0.0,3.23
ibiapina,br,-4,-41,20.04,96.0,20.0,1.13
ito,jp,35,139,20.0,72.0,20.0,6.7
anderson,us,34,-83,13.64,54.0,20.0,1.5
cochrane,ca,49,-81,0.94,100.0,76.0,1.08
taicheng,cn,21,113,29.19,68.0,12.0,4.68
lieksa,fi,64,29,-5.02,84.0,0.0,2.23
uppsala,se,60,18,5.69,56.0,0.0,4.1
daoukro,ci,7,-4,24.94,87.0,44.0,2.08
el porvenir,hn,16,-87,26.0,94.0,40.0,1.0
novolabinskaya,ru,45,40,11.0,76.0,0.0,7.0
hasaki,jp,23,156,24.36,50.0,0.0,2.1
general bravo,mx,26,-99,27.64,54.0,8.0,2.53
muriti,tz,-2,33,19.74,100.0,80.0,2.78
lamovita,ba,45,17,6.0,87.0,0.0,1.5
formosa do rio preto,br,-11,-45,22.49,76.0,32.0,3.33
kareli,in,23,79,29.79,22.0,0.0,2.03
sturgeon falls,ca,46,-80,2.0,55.0,5.0,1.5
coracora,pe,-15,-74,5.29,92.0,80.0,1.23
kerrville,us,30,-99,17.47,72.0,1.0,1.98
sjovegan,no,69,18,2.54,93.0,92.0,3.1
orange,au,-33,149,20.09,77.0,36.0,1.93
gigmoto,ph,14,125,27.79,100.0,68.0,3.03
rentina,gr,39,22,9.0,70.0,0.0,1.5
yuyao,cn,30,121,24.0,83.0,40.0,4.0
udayagiri,in,20,84,24.44,79.0,32.0,1.98
szalkszentmarton,hu,47,19,8.16,93.0,0.0,0.5
bangassou,cf,5,23,22.19,100.0,32.0,1.03
esfarayen,ir,37,57,10.0,81.0,75.0,5.1
elizabeth city,us,35,-74,8.2,66.0,1.0,2.1
kutahya,tr,39,30,1.0,80.0,0.0,2.1
lowicz,pl,52,20,5.03,86.0,0.0,3.08
riga,lv,57,24,5.0,93.0,0.0,1.5
impfondo,cg,1,19,21.79,95.0,20.0,0.73
antalaha,mg,-16,52,24.49,100.0,92.0,2.58
malkara,tr,41,27,6.09,93.0,0.0,1.18
korcula,hr,43,17,8.0,87.0,0.0,0.5
nehalim,il,32,35,17.0,82.0,40.0,4.1
azare,ng,11,10,23.14,64.0,12.0,2.98
bure,et,11,37,25.04,64.0,8.0,4.38
san javier,bo,-16,-62,16.0,77.0,0.0,1.0
el tarra,co,9,-73,19.89,89.0,64.0,0.93
grootfontein,na,-19,19,10.69,67.0,0.0,1.43
cap-haitien,ht,20,-72,24.59,98.0,24.0,5.43
nacala,mz,-14,40,25.69,100.0,0.0,5.93
sindor,ru,63,52,-9.42,69.0,0.0,3.43
conway,us,34,-79,16.59,72.0,90.0,1.63
tingo maria,pe,-9,-76,16.44,95.0,8.0,0.78
brunsbuttel,de,54,9,5.19,93.0,0.0,1.53
artigas,uy,-31,-57,20.34,92.0,0.0,3.03
la florida,hn,14,-88,26.0,74.0,40.0,2.6
inta,ru,66,60,-10.77,78.0,36.0,1.33
archidona,ec,-1,-77,15.59,100.0,92.0,0.58
zlotoryja,pl,51,16,7.0,87.0,0.0,0.5
zhanaozen,kz,43,55,7.54,91.0,56.0,1.43
crestview,us,31,-87,20.7,77.0,75.0,1.5
terra roxa,br,-24,-50,16.0,72.0,0.0,1.5
ginir,et,6,41,13.49,85.0,20.0,1.18
agustin codazzi,co,10,-73,28.0,69.0,40.0,6.2
shakawe,bw,-18,23,16.79,52.0,0.0,2.58
bonnyville,ca,56,-111,6.0,100.0,90.0,5.7
vigrestad,no,57,5,3.0,100.0,20.0,1.0
kaunas,lt,55,24,5.0,86.0,0.0,3.1
kant,kg,43,75,2.69,68.0,0.0,1.33
kangasala,fi,62,24,3.46,80.0,90.0,2.1
shanghai,cn,31,122,25.95,65.0,0.0,5.0
bodmin,gb,51,-5,7.0,100.0,8.0,1.0
gistrup,dk,57,10,5.89,90.0,0.0,5.18
araouane,ml,19,-6,19.69,26.0,0.0,1.33
kaili,cn,27,108,27.59,76.0,44.0,1.38
wilmington,us,33,-77,9.78,43.0,1.0,3.1
lujiang,cn,31,117,21.0,100.0,20.0,2.0
selaphum,th,16,104,28.0,74.0,0.0,2.6
saint pete beach,us,26,-86,23.62,78.0,90.0,6.7
ha giang,vn,23,105,22.44,93.0,80.0,0.88
guerrero negro,mx,15,-131,19.44,58.0,64.0,2.68
sajanan,tn,38,9,13.53,100.0,20.0,0.5
nizhniy odes,ru,64,55,-7.37,68.0,8.0,1.63
junin,ar,-35,-61,12.0,58.0,0.0,3.6
hanzhong,cn,33,108,20.69,72.0,88.0,1.63
petlawad,in,23,75,28.44,22.0,0.0,2.08
mahenge,tz,-9,37,19.74,99.0,56.0,1.13
sira,in,14,77,27.04,70.0,0.0,3.18
fevik,no,58,9,1.0,92.0,12.0,3.1
imphal,in,25,94,25.44,74.0,8.0,1.23
kortkeros,ru,62,52,-5.0,62.0,0.0,7.0
la rosa,hn,15,-87,13.59,94.0,0.0,4.38
felipe carrillo puerto,mx,20,-88,26.59,70.0,32.0,2.73
patan,in,24,72,19.0,59.0,20.0,1.18
grand-santi,gf,2,-55,21.69,100.0,88.0,1.03
otjimbingwe,na,-23,16,10.34,88.0,0.0,1.23
okato,nz,-39,172,16.99,95.0,0.0,3.08
slantsy,ru,59,28,3.49,99.0,88.0,1.53
havelock,us,32,-73,12.57,71.0,1.0,4.48
ceuta,es,36,-5,23.59,57.0,48.0,1.28
bouca,cf,6,18,24.54,74.0,92.0,3.13
nome,us,69,-167,21.0,88.0,90.0,5.7
san narciso,ph,15,120,30.0,70.0,75.0,3.6
boke,gn,11,-14,23.69,85.0,0.0,2.53
warmbad,na,-29,19,10.19,100.0,0.0,1.5
soligalich,ru,59,42,-1.47,85.0,88.0,12.03
phuntsholing,bt,27,89,18.09,77.0,8.0,0.73
druskininkai,lt,54,24,5.24,75.0,0.0,4.93
muscat,om,24,59,23.0,38.0,0.0,2.1
funadhoo,mv,6,73,30.04,97.0,24.0,2.23
ushtobe,kz,46,77,17.59,29.0,0.0,2.08
agadir,ma,31,-10,11.0,87.0,0.0,2.6
severodvinsk,ru,66,39,-7.0,73.0,20.0,4.0
bunia,cd,2,30,17.29,97.0,48.0,0.88
yeniseysk,ru,59,92,10.29,80.0,64.0,3.88
ondjiva,ao,-17,16,14.74,62.0,0.0,1.63
singapore,sg,1,104,29.74,74.0,75.0,3.1
vershino-darasunskiy,ru,53,116,14.04,53.0,0.0,2.08
alekseyevskaya,ru,50,42,7.94,65.0,12.0,7.18
auchi,ng,7,6,23.54,96.0,36.0,2.48
devrek,tr,41,32,4.69,96.0,0.0,1.78
balakovo,ru,52,48,8.84,75.0,80.0,8.88
malumfashi,ng,12,8,25.79,62.0,0.0,4.93
mwinilunga,zm,-12,23,13.79,77.0,0.0,1.33
kupino,ru,54,77,9.49,77.0,92.0,9.08
gat,ly,23,11,18.09,83.0,0.0,4.38
amherst,ca,46,-64,1.0,64.0,40.0,2.6
nampula,mz,-15,39,19.29,87.0,0.0,2.63
batemans bay,au,-38,151,18.99,86.0,56.0,1.98
port macquarie,au,-32,155,23.0,60.0,75.0,4.6
masuguru,tz,-12,38,24.14,80.0,20.0,1.83
poso,id,0,121,26.59,100.0,48.0,1.68
kichmengskiy gorodok,ru,60,46,-1.22,76.0,92.0,8.18
port alfred,za,-79,52,18.24,98.0,0.0,5.23
caticlan,ph,12,122,28.39,97.0,20.0,6.43
stepnogorsk,kz,52,72,11.04,90.0,92.0,5.48
turiacu,br,-1,-45,24.59,93.0,12.0,1.18
pinar del rio,cu,23,-84,22.54,89.0,0.0,1.23
suceveni,ro,46,28,14.04,62.0,0.0,0.5
cataingan,ph,12,124,28.59,99.0,12.0,2.18
wrexham,gb,53,-3,15.71,82.0,0.0,5.1
puerto madryn,ar,-43,-63,18.29,69.0,0.0,6.78
mestia,ge,43,43,-8.37,98.0,48.0,0.53
terrace,ca,58,-129,6.0,75.0,75.0,8.2
concepcion del uruguay,ar,-32,-59,17.24,93.0,0.0,1.23
manadhoo,mv,6,74,30.04,97.0,24.0,2.23
goma,cd,-1,28,15.44,100.0,92.0,0.78
punta arenas,cl,-84,-98,4.0,100.0,0.0,9.8
novobureyskiy,ru,50,130,10.84,40.0,0.0,3.18
bada,ru,51,110,26.19,64.0,20.0,4.58
caiaponia,br,-17,-52,21.09,62.0,12.0,3.93
cave spring,us,37,-80,11.69,35.0,1.0,1.98
erdenet,mn,49,104,6.64,86.0,12.0,1.63
victor harbor,au,-39,137,24.0,53.0,0.0,3.1
yanam,in,15,84,31.09,74.0,0.0,1.28
bundaberg,au,-21,155,23.84,100.0,36.0,7.08
manono,cd,-8,27,19.84,96.0,8.0,1.23
la romana,do,18,-69,24.72,100.0,40.0,2.38
hangu,cn,39,118,17.0,59.0,5.0,2.1
pyaozerskiy,ru,66,31,-10.57,71.0,0.0,1.03
hailey,us,44,-115,16.0,26.0,5.0,3.1
nefteyugansk,ru,60,73,-6.0,62.0,40.0,1.0
tshela,cd,-5,13,22.04,98.0,80.0,1.23
mount isa,au,-24,138,32.0,24.0,0.0,5.7
fukuma,jp,35,130,17.84,60.0,75.0,2.6
yauya,pe,-9,-77,7.29,86.0,48.0,0.93
honiara,sb,-12,159,30.0,79.0,40.0,7.2
telde,es,28,-15,18.0,63.0,20.0,2.6
deming,us,32,-108,18.41,15.0,1.0,2.6
serebryansk,kz,49,83,15.0,30.0,0.0,5.0
xichang,cn,28,101,21.49,37.0,0.0,0.88
malangali,tz,-8,35,14.54,88.0,0.0,3.33
santo antonio do sudoeste,br,-26,-54,21.49,81.0,0.0,1.73
itaunja,in,27,81,26.0,34.0,0.0,2.6
frutal,br,-20,-49,17.74,65.0,0.0,2.88
bima,id,-7,119,29.79,78.0,80.0,1.88
port-cartier,ca,56,-70,2.0,34.0,40.0,3.1
mandsaur,in,24,75,27.69,20.0,0.0,3.78
ustyuzhna,ru,59,36,-1.52,76.0,88.0,7.33
pleszew,pl,52,18,6.94,72.0,0.0,2.03
haukipudas,fi,65,25,0.0,91.0,76.0,2.6
ko samui,th,10,101,31.0,66.0,20.0,3.1
krasnyy kholm,ru,58,37,-1.52,84.0,88.0,9.98
gordeyevka,ru,53,32,6.44,65.0,0.0,7.68
det udom,th,15,105,28.0,78.0,20.0,1.5
pavlodar,kz,53,77,10.0,76.0,90.0,4.0
kirkwood,za,-33,25,14.0,58.0,0.0,4.6
liwale,tz,-10,37,19.54,92.0,24.0,0.98
cambrai,fr,50,3,13.02,93.0,0.0,1.5
port antonio,jm,19,-76,28.0,74.0,20.0,3.6
capreol,ca,47,-81,6.0,35.0,5.0,2.6
hoyanger,no,61,6,6.0,93.0,80.0,3.6
do gonbadan,ir,30,51,21.0,22.0,20.0,4.1
urucui,br,-8,-45,26.79,65.0,0.0,3.33
rundu,na,-18,19,14.09,61.0,0.0,1.23
macau,br,-3,-36,23.44,89.0,8.0,3.13
amilly,fr,48,3,15.09,79.0,0.0,1.28
port hedland,au,-20,120,36.0,22.0,12.0,3.6
buloh kasap,my,3,103,28.0,83.0,75.0,3.1
edea,cm,4,10,24.0,100.0,75.0,1.58
tieli,cn,47,128,12.24,69.0,0.0,1.78
fairfield,us,41,-92,22.17,60.0,1.0,4.6
bang lamung,th,13,101,30.0,70.0,20.0,4.1
olden,no,64,10,-0.52,100.0,88.0,0.68
yeppoon,au,-20,154,28.0,48.0,75.0,3.6
zhirnovsk,ru,51,45,9.19,90.0,92.0,9.38
mmabatho,za,-26,25,10.0,76.0,0.0,1.0
gabu,gw,12,-14,8.49,84.0,88.0,1.73
zhicheng,cn,30,111,15.79,100.0,100.0,2.08
pangai,to,-19,-175,26.09,100.0,44.0,2.23
balad,iq,34,44,29.49,100.0,12.0,2.08
san lazaro,py,-22,-58,27.0,83.0,75.0,3.6
kohlu,pk,30,69,15.14,22.0,0.0,2.08
spirit river,ca,56,-119,5.0,56.0,75.0,10.8
chabahar,ir,25,61,24.79,100.0,0.0,2.48
rexburg,us,44,-112,15.6,29.0,1.0,4.1
perevolotskiy,ru,52,54,0.79,67.0,0.0,4.68
peresichna,ua,50,36,11.0,40.0,0.0,6.0
dikson,ru,88,68,-10.72,100.0,76.0,8.08
black forest,us,39,-104,24.0,53.0,0.0,3.1
mtwara,tz,-9,41,23.0,100.0,20.0,6.2
guryevsk,ru,54,86,12.39,49.0,0.0,4.08
shuya,ru,62,34,0.84,99.0,88.0,12.33
luau,ao,-10,22,16.44,69.0,0.0,1.68
te anau,nz,-44,158,10.24,78.0,0.0,1.53
cidreira,br,-37,-44,21.44,91.0,12.0,2.88
kautokeino,no,68,24,-1.42,95.0,92.0,1.78
ugoofaaru,mv,6,66,29.69,99.0,76.0,2.58
shestakovo,ru,56,104,10.44,54.0,8.0,2.93
terney,ru,45,137,6.84,74.0,20.0,1.53
cua,ve,10,-67,25.0,88.0,20.0,1.0
wageningen,sr,5,-57,12.04,71.0,20.0,2.1
phalombe,mw,-16,36,15.59,96.0,36.0,1.23
baykalsk,ru,51,104,4.84,76.0,0.0,0.88
bluff,nz,-56,164,25.49,68.0,0.0,4.68
varkkallai,in,8,76,28.0,94.0,20.0,2.1
tarakan,id,2,120,28.99,93.0,36.0,1.63
savelugu,gh,10,-1,27.34,64.0,68.0,3.58
mendi,et,10,35,15.09,84.0,0.0,1.28
poplar bluff,us,37,-91,19.35,28.0,1.0,3.6
don sak,th,9,100,29.07,66.0,20.0,3.1
arcachon,fr,45,-2,16.06,93.0,0.0,1.5
atbasar,kz,50,69,9.49,100.0,92.0,3.58
sikasso,ml,11,-6,23.29,84.0,8.0,1.98
aurora,br,-7,-39,8.0,42.0,1.0,3.1
kashary,ru,49,41,11.19,92.0,88.0,5.38
streator,us,41,-89,10.01,46.0,40.0,3.1
sakti,in,22,83,33.19,29.0,0.0,3.58
tanhacu,br,-14,-41,20.14,78.0,64.0,2.78
ponte de sor,pt,39,-8,12.54,95.0,24.0,2.13
caxambu,br,-22,-45,12.94,95.0,88.0,1.08
severomuysk,ru,56,114,2.69,79.0,24.0,1.18
sakata,jp,39,139,21.0,43.0,0.0,2.1
musenita,ro,48,26,15.51,51.0,0.0,4.0
nykoping,se,59,17,5.45,61.0,0.0,2.1
alyangula,au,-14,140,31.94,80.0,0.0,8.68
kaihua,cn,24,105,22.79,84.0,88.0,1.88
natitingou,bj,11,1,23.59,88.0,24.0,1.78
rockport,us,28,-97,24.0,88.0,90.0,4.6
karratha,au,-18,116,34.84,26.0,8.0,2.58
tabou,ci,2,-6,26.94,100.0,36.0,3.68
funtua,ng,11,7,24.94,70.0,24.0,4.48
san policarpo,ph,14,131,27.39,100.0,88.0,3.38
bechem,gh,7,-2,23.09,93.0,8.0,3.43
velingara,sn,13,-14,20.29,53.0,0.0,4.28
belle glade,us,27,-81,23.68,88.0,75.0,7.2
maple creek,ca,50,-109,8.59,33.0,20.0,9.68
kathmandu,np,32,87,19.0,59.0,20.0,1.18
itarema,br,1,-38,24.64,94.0,44.0,2.58
ous,ru,61,61,-4.82,57.0,8.0,1.58
sita road,pk,27,68,23.59,17.0,0.0,4.33
balvi,lv,57,27,5.74,65.0,0.0,8.33
guajara,br,-3,-58,24.0,94.0,40.0,1.0
williams lake,ca,52,-122,6.0,33.0,40.0,7.2
kissidougou,gn,9,-10,22.99,95.0,68.0,3.53
stellenbosch,za,-34,19,12.0,93.0,0.0,3.1
santa cruz cabralia,br,-17,-36,22.0,83.0,40.0,1.0
itoigawa,jp,37,138,15.94,78.0,0.0,1.33
zerbst,de,52,12,10.0,81.0,0.0,2.6
agua prieta,mx,31,-109,22.0,11.0,1.0,1.5
nkongsamba,cm,5,10,22.59,94.0,80.0,1.23
melilla,es,36,-3,26.0,83.0,40.0,2.1
chicla,pe,-12,-76,3.89,88.0,24.0,0.98
abidjan,ci,5,-4,27.0,83.0,20.0,2.1
sao borja,br,-29,-56,20.44,95.0,32.0,1.48
klamath falls,us,43,-122,16.0,25.0,1.0,8.2
cotoca,bo,-18,-63,23.0,100.0,20.0,1.5
huallanca,pe,-10,-77,3.49,86.0,32.0,1.18
warri,ng,5,5,22.69,95.0,12.0,1.33
eydhafushi,mv,5,70,29.69,99.0,76.0,2.58
boende,cd,-1,22,23.69,91.0,68.0,0.93
groton,us,41,-72,7.07,45.0,1.0,1.5
bijar,ir,36,48,4.79,90.0,24.0,2.43
gore,et,8,36,15.19,88.0,56.0,1.68
manitouwadge,ca,49,-86,-0.17,66.0,0.0,1.58
samara,ru,53,50,7.0,84.0,40.0,13.0
sri aman,my,1,112,29.0,74.0,75.0,0.5
ullapool,gb,59,-5,8.19,93.0,100.0,3.58
bertinoro,it,44,12,9.0,100.0,0.0,0.5
clemson,us,35,-83,14.01,47.0,75.0,2.23
dongobesh,tz,-4,35,13.94,98.0,80.0,1.23
hwange,zw,-19,27,21.59,46.0,20.0,4.98
koutiala,ml,12,-6,22.04,96.0,88.0,3.83
kodinsk,ru,61,99,9.69,61.0,76.0,4.08
bazarnyye mataki,ru,55,50,6.19,85.0,80.0,12.03
shagonar,ru,51,93,5.84,71.0,0.0,0.93
ferkessedougou,ci,10,-5,25.79,85.0,0.0,4.13
point pleasant,us,40,-74,10.13,37.0,1.0,3.98
ikom,ng,6,9,21.69,96.0,36.0,0.98
kudat,my,7,117,30.0,79.0,75.0,2.1
phalodi,in,28,72,25.04,22.0,0.0,3.58
amboasary,mg,-24,46,18.94,100.0,0.0,2.88
bouafle,ci,7,-6,14.45,76.0,0.0,2.1
lubben,de,52,14,6.36,93.0,0.0,1.5
tottori,jp,38,134,21.6,49.0,0.0,2.6
beatrice,us,40,-96,9.0,70.0,90.0,3.1
warren,us,42,-79,6.18,39.0,1.0,2.1
kozhva,ru,65,57,-13.22,73.0,0.0,1.18
spas,ua,49,24,11.0,40.0,0.0,2.0
zharkent,kz,44,80,8.34,54.0,0.0,1.63
paragominas,br,-4,-47,22.34,97.0,64.0,1.53
gouyave,gd,13,-63,26.0,83.0,40.0,5.1
chegutu,zw,-18,30,18.59,73.0,24.0,4.13
simbahan,ph,7,121,28.89,100.0,24.0,1.38
portel,br,-2,-51,14.0,100.0,40.0,2.1
iznoski,ru,55,35,4.69,65.0,36.0,9.43
valparaiso,cl,-32,-75,7.83,49.0,1.0,1.5
volchansk,ru,60,60,-5.22,50.0,64.0,2.28
chenghai,cn,23,118,26.0,61.0,75.0,2.0
liepaja,lv,57,20,1.81,93.0,0.0,3.18
epernay,fr,49,4,13.06,71.0,0.0,1.5
rockhampton,au,-23,150,28.0,48.0,75.0,3.6
selenduma,ru,51,106,10.69,74.0,0.0,1.83
acayucan,mx,18,-95,27.0,65.0,5.0,5.1
lamar,us,39,-102,7.0,75.0,90.0,1.63
novyy urgal,ru,51,132,6.94,44.0,0.0,5.38
palmares do sul,br,-32,-50,19.0,100.0,12.0,1.0
mzimba,mw,-12,34,17.14,91.0,56.0,1.88
bakel,sn,15,-12,24.09,39.0,0.0,3.53
portree,gb,57,-7,8.09,96.0,92.0,5.93
elliot,za,-31,28,1.29,70.0,0.0,1.03
kalabo,zm,-14,21,16.89,66.0,0.0,1.48
boras,se,58,13,2.92,100.0,90.0,2.1
nikologory,ru,56,42,2.59,100.0,92.0,9.48
channel-port aux basques,ca,48,-60,0.39,94.0,92.0,8.18
millville,us,39,-75,9.87,70.0,1.0,1.5
timizart,dz,38,5,9.34,89.0,0.0,0.83
gewane,et,10,41,19.19,95.0,0.0,1.33
valladolid,es,42,-5,11.34,96.0,68.0,1.63
ilulissat,gl,71,-52,-4.0,85.0,92.0,2.1
kostino,ru,59,53,6.0,93.0,0.0,2.6
mpongwe,zm,-14,28,16.34,74.0,0.0,2.88
san joaquin,bo,-18,-59,31.49,61.0,12.0,4.43
taiyuan,cn,38,112,11.0,81.0,75.0,4.0
lingyuan,cn,41,119,9.19,93.0,44.0,6.58
potosi,bo,-20,-66,-3.12,73.0,0.0,1.23
brasilia,br,-16,-48,27.0,69.0,40.0,8.2
hami,cn,45,91,17.84,34.0,88.0,2.18
otavi,na,-20,17,10.34,62.0,0.0,1.33
rosetown,ca,51,-108,8.09,73.0,100.0,10.88
ziarat,pk,31,68,6.84,31.0,0.0,0.88
wuda,cn,39,107,19.49,49.0,36.0,1.73
melo,uy,-32,-54,19.94,98.0,76.0,1.28
yichang,cn,31,111,23.04,93.0,88.0,1.58
puri,in,17,88,27.79,91.0,24.0,1.23
ketchikan,us,57,-131,7.32,75.0,75.0,7.2
camabatela,ao,-8,16,14.79,95.0,44.0,1.13
istanbul,tr,41,29,8.95,76.0,0.0,1.5
fuyang,cn,30,120,26.0,69.0,40.0,2.0
los llanos de aridane,es,29,-24,17.0,67.0,92.0,1.5
ylivieska,fi,64,24,-1.97,89.0,36.0,2.08
general pico,ar,-36,-64,20.09,92.0,8.0,4.88
inuvik,ca,67,-133,-18.37,50.0,5.0,3.1
libourne,fr,45,0,14.35,72.0,0.0,1.5
mapiripan,co,3,-71,21.49,100.0,76.0,1.23
kerouane,gn,9,-9,20.84,64.0,8.0,1.13
bosconia,co,10,-74,24.34,74.0,80.0,0.78
mitrofanovka,ru,50,40,11.09,85.0,92.0,8.88
igrim,ru,64,64,-8.32,65.0,12.0,1.73
nadvoitsy,ru,64,34,-4.87,76.0,24.0,2.58
palazzolo acreide,it,37,15,12.28,93.0,0.0,2.1
boundiali,ci,10,-7,24.99,76.0,0.0,3.78
north auburn,us,39,-121,11.72,50.0,75.0,3.6
anuradhapura,lk,8,80,28.59,85.0,12.0,2.43
unity,ca,53,-109,5.99,82.0,92.0,11.08
bataipora,br,-22,-53,20.29,80.0,8.0,1.28
loandjili,cg,-5,12,26.0,88.0,20.0,1.0
aykhal,ru,67,109,2.09,90.0,88.0,5.48
erzincan,tr,40,39,1.0,69.0,0.0,1.0
nicolas bravo,mx,19,-89,25.0,14.0,40.0,3.1
hohhot,cn,42,111,16.0,63.0,75.0,5.0
sonepur,in,21,84,27.0,47.0,0.0,1.88
tigre,pa,12,-78,21.65,78.0,75.0,1.5
vysokogornyy,ru,50,139,4.19,50.0,36.0,2.08
sembakung,id,3,116,29.69,79.0,24.0,1.33
shelburne,ca,41,-64,3.5,74.0,1.0,1.93
puchezh,ru,57,43,2.39,97.0,92.0,4.58
kyshtovka,ru,57,77,1.34,100.0,68.0,5.88
lumby,ca,50,-119,11.0,32.0,90.0,8.7
shitkino,ru,57,99,12.69,46.0,8.0,1.93
nobres,br,-15,-56,21.79,81.0,8.0,1.18
seymchan,ru,63,153,0.84,89.0,88.0,2.63
padrauna,in,27,84,30.69,24.0,0.0,1.93
langenburg,ca,51,-102,5.59,81.0,76.0,7.03
hulan,cn,46,127,11.0,66.0,40.0,4.1
pokhara,np,31,85,20.99,55.0,0.0,1.08
nizhniy bestyakh,ru,62,130,3.0,47.0,0.0,2.0
sao domingos,br,-13,-46,23.44,65.0,24.0,4.78
prachuap khiri khan,th,11,101,29.69,77.0,12.0,1.38
sennoy,ru,52,47,7.19,96.0,92.0,7.73
regina,ca,50,-105,15.0,58.0,90.0,9.3
hendaye,fr,44,-2,16.86,52.0,0.0,2.6
wisconsin rapids,us,44,-90,6.26,55.0,1.0,1.5
guerande,fr,47,-3,11.38,81.0,0.0,4.1
namtsy,ru,63,130,3.59,60.0,24.0,2.43
temple,us,31,-97,18.78,100.0,40.0,5.7
nouna,bf,13,-4,21.99,90.0,8.0,2.53
salamanca,cl,-32,-70,10.49,95.0,92.0,1.23
luzino,ru,55,73,1.0,100.0,75.0,7.0
luwuk,id,-2,123,27.09,100.0,12.0,1.13
orel,ru,53,36,15.0,51.0,0.0,3.1
koeru,ee,59,26,4.94,71.0,0.0,6.58
concord,us,38,-122,21.07,39.0,1.0,3.6
kavalerovo,ru,44,135,10.24,46.0,36.0,2.78
valle de allende,mx,27,-105,19.79,35.0,68.0,0.98
saint-paul-les-dax,fr,44,-1,16.24,87.0,0.0,1.83
forrest city,us,35,-91,20.54,52.0,92.0,3.6
wewak,pg,-3,144,29.19,79.0,56.0,1.28
fare,pf,-13,-150,27.34,100.0,56.0,4.33
plouzane,fr,47,-7,11.48,87.0,0.0,3.1
grand-bourg,gp,16,-61,24.0,78.0,40.0,2.1
bhikangaon,in,22,76,30.69,22.0,0.0,1.78
santa engracia,mx,24,-99,13.0,82.0,0.0,1.0
barra do garcas,br,-14,-53,20.99,85.0,0.0,1.13
bestobe,kz,53,73,12.94,78.0,76.0,6.43
ladario,br,-19,-57,12.49,83.0,80.0,0.98
verkhnyaya khava,ru,52,40,7.0,65.0,40.0,7.0
elk grove village,us,42,-88,7.63,28.0,90.0,3.1
morro da fumaca,br,-29,-49,21.04,100.0,44.0,1.68
ayr,au,-20,147,8.69,66.0,20.0,1.0
lyaskelya,ru,62,31,-1.87,88.0,36.0,3.43
novoseleznevo,ru,56,69,-3.72,94.0,0.0,3.48
bria,cf,7,23,24.44,76.0,0.0,3.53
sondrio,it,46,10,7.4,86.0,0.0,1.0
ures,mx,29,-110,21.79,41.0,100.0,2.43
havre,us,48,-110,13.0,28.0,1.0,11.8
ajaccio,fr,42,8,11.28,87.0,0.0,2.6
melfort,ca,53,-105,5.0,86.0,90.0,6.2
coroata,br,-4,-44,24.79,74.0,12.0,2.08
ocosingo,mx,17,-92,19.94,85.0,48.0,1.18
anton lizardo,mx,20,-95,26.0,83.0,5.0,2.6
maiduguri,ng,12,13,22.24,47.0,0.0,2.08
charters towers,au,-22,145,25.44,80.0,8.0,3.73
wencheng,cn,37,122,27.79,53.0,32.0,1.23
ayolas,py,-28,-57,24.29,78.0,0.0,1.48
santander,es,44,-4,30.0,74.0,20.0,3.1
tzucacab,mx,20,-89,27.29,65.0,36.0,2.33
sikonge,tz,-6,33,21.0,88.0,75.0,1.28
brae,gb,64,1,7.0,93.0,56.0,10.3
salamiyah,sy,35,37,8.64,95.0,12.0,3.03
karasuk,ru,54,78,10.29,91.0,92.0,7.83
oktyabrskiy,ru,53,155,3.32,74.0,75.0,9.0
san alberto,py,-25,-55,22.0,94.0,0.0,2.6
kalevala,ru,65,31,-7.02,84.0,0.0,2.13
lujan,ar,-35,-59,13.44,50.0,56.0,9.53
taraz,kz,43,71,13.0,66.0,0.0,2.0
mucurapo,tt,11,-62,25.0,83.0,20.0,1.5
tsabong,bw,-27,22,11.94,62.0,0.0,1.28
luangwa,zm,-16,30,23.99,65.0,20.0,4.43
doba,td,9,17,23.19,70.0,0.0,1.83
pacific grove,us,30,-132,19.06,55.0,1.0,2.6
uvat,ru,60,69,-5.22,67.0,0.0,1.68
vardo,no,78,35,9.56,30.0,1.0,1.5
leirvik,fo,63,-7,1.0,100.0,12.0,2.6
cortez,us,38,-109,14.0,33.0,1.0,4.6
neman,ru,55,22,19.25,63.0,40.0,3.1
cartagena,co,11,-76,12.04,80.0,64.0,2.28
ampanihy,mg,-28,40,13.69,89.0,8.0,1.23
lianran,cn,25,102,20.0,45.0,0.0,9.0
sept-iles,ca,55,-66,2.0,34.0,40.0,3.1
gorin,ru,52,138,12.67,35.0,20.0,6.2
asenovgrad,bg,42,25,6.0,93.0,0.0,2.6
colon,mx,21,-100,10.1,40.0,90.0,3.1
la palma,pa,5,-80,20.49,87.0,32.0,0.53
marsani,ro,44,24,9.0,87.0,0.0,2.6
kamen-rybolov,ru,45,132,8.79,59.0,0.0,2.83
severnyy-kospashskiy,ru,59,58,-4.82,73.0,92.0,6.08
amla,in,22,78,28.79,29.0,0.0,1.88
rafai,cf,5,24,22.74,95.0,64.0,1.68
orangeville,ca,44,-80,5.64,74.0,1.0,1.43
bahile,ph,10,119,31.0,70.0,20.0,2.1
bajos de haina,do,18,-70,23.0,88.0,40.0,2.6
qovlar,az,41,46,9.0,93.0,90.0,3.1
manzanillo,mx,18,-105,24.64,100.0,32.0,4.03
desaguadero,pe,-17,-69,2.34,83.0,20.0,1.68
safford,us,33,-110,25.0,13.0,1.0,3.1
kjopsvik,no,67,17,3.0,93.0,92.0,2.6
potiskum,ng,12,11,22.44,49.0,36.0,3.48
muscatine,us,42,-91,11.33,37.0,90.0,4.1
karachi,pk,25,67,21.0,40.0,0.0,4.13
jardim,br,2,-35,21.49,87.0,0.0,2.23
shaoyang,cn,27,111,20.79,100.0,92.0,1.43
big spring,us,32,-101,15.57,54.0,40.0,8.2
chunoyar,ru,57,97,9.99,54.0,32.0,2.78
poway,us,33,-117,18.07,55.0,75.0,1.5
hachinohe,jp,41,142,15.79,69.0,56.0,2.83
deputatskiy,ru,68,140,-2.82,84.0,76.0,1.73
sattahip,th,12,101,30.0,70.0,20.0,4.1
letlhakane,bw,-21,26,14.94,72.0,0.0,2.58
kingman,us,36,-114,29.18,14.0,1.0,5.7
xiongyue,cn,40,122,16.19,67.0,92.0,2.28
sibolga,id,1,96,24.59,93.0,80.0,0.53
horki,by,54,31,7.39,65.0,64.0,9.28
great bend,us,38,-99,7.0,93.0,90.0,4.1
pszczyna,pl,50,19,9.72,86.0,0.0,1.0
msanga,tz,-6,36,18.0,100.0,20.0,2.1
honolulu,us,20,-158,26.24,58.0,75.0,6.7
vaihingen,de,49,9,12.0,81.0,0.0,0.5
leninskoye,ru,48,133,10.0,46.0,0.0,7.0
jasper,ca,52,-118,19.7,63.0,44.0,2.68
saint-augustin,ca,50,-60,15.89,72.0,0.0,1.5
yukamenskoye,ru,58,52,1.09,87.0,92.0,7.83
brunico,it,47,12,10.0,81.0,0.0,1.0
aliaga,tr,39,27,30.0,66.0,40.0,2.1
bien hoa,vn,11,107,30.0,74.0,20.0,3.6
gunnedah,au,-31,150,23.0,31.0,32.0,2.1
rolla,us,38,-92,17.01,36.0,1.0,4.1
wajir,ke,1,40,21.94,100.0,92.0,2.68
kouroussa,gn,11,-10,27.19,64.0,0.0,5.58
oriximina,br,1,-55,23.44,98.0,24.0,1.08
pala,td,9,15,27.0,88.0,75.0,0.63
muhos,fi,65,27,0.0,87.0,20.0,2.6
xicotencatl,mx,23,-99,27.09,58.0,0.0,3.98
riihimaki,fi,61,25,5.0,75.0,0.0,4.1
bratsk,ru,56,102,8.0,49.0,8.0,3.0
palmeirais,br,-6,-43,23.79,88.0,20.0,2.33
saint-philippe,re,-35,61,6.21,31.0,1.0,4.1
kajiado,ke,-2,37,16.0,100.0,90.0,2.1
kenai,us,64,-155,9.35,39.0,75.0,6.2
pompeu,br,-19,-45,21.0,37.0,0.0,1.5
longonjo,ao,-12,15,10.94,77.0,0.0,1.13
saryozek,kz,44,78,15.19,27.0,0.0,3.13
chitrakonda,in,18,82,26.99,71.0,0.0,1.43
kikwit,cd,-6,19,22.89,91.0,76.0,1.18
mataram,id,-8,116,28.94,86.0,8.0,1.18
weyburn,ca,50,-104,17.14,33.0,88.0,6.18
sao filipe,cv,11,-28,20.24,100.0,64.0,6.03
westwood,us,41,-74,28.0,48.0,75.0,3.6
fatezh,ru,52,36,6.84,68.0,8.0,7.73
pontes e lacerda,br,-14,-59,23.19,88.0,24.0,1.88
stawell,au,-37,143,22.39,69.0,0.0,1.18
rovnoye,ru,51,46,11.34,64.0,92.0,10.08
goiatuba,br,-18,-50,17.44,71.0,24.0,2.28
aztec,us,37,-108,14.43,25.0,1.0,7.7
nam som,th,18,102,25.79,74.0,40.0,2.1
lingao,cn,19,109,30.69,64.0,24.0,3.03
pamanukan,id,-5,108,29.39,100.0,68.0,3.08
rosarito,mx,29,-121,23.0,94.0,75.0,1.5
semme,sn,15,-13,16.0,51.0,0.0,0.5
zapolyarnyy,ru,69,31,-9.0,78.0,12.0,3.1
panuco,mx,22,-98,24.0,17.0,75.0,5.1
amalfi,co,7,-75,22.04,96.0,36.0,0.78
arlit,ne,19,6,18.69,20.0,0.0,1.68
qeshm,ir,27,56,21.0,88.0,0.0,2.1
korem,et,12,40,13.94,91.0,48.0,0.73
vagur,fo,60,-6,7.79,96.0,92.0,8.98
phonhong,la,19,103,29.0,74.0,40.0,2.1
mahajanga,mg,-16,44,24.99,100.0,24.0,5.78
inverell,au,-30,151,20.49,64.0,8.0,2.53
brazzaville,cg,-4,15,24.0,88.0,0.0,1.5
laurel,us,46,-109,19.0,39.0,20.0,3.6
crixas,br,-14,-50,22.14,78.0,0.0,1.28
stolac,ba,43,18,10.19,87.0,0.0,0.5
sirjan,ir,29,56,8.54,53.0,0.0,1.43
alamor,ec,-4,-80,26.0,69.0,75.0,1.5
puerto asis,co,0,-76,21.89,94.0,100.0,1.18
andra,ru,63,66,-10.62,72.0,12.0,1.38
gaillac,fr,44,2,15.0,62.0,0.0,1.0
lerik,az,39,48,6.59,100.0,90.0,2.1
bicester,gb,52,-1,13.98,82.0,75.0,2.6
otradnoye,ru,44,147,2.0,80.0,75.0,4.0
minna,ng,10,7,24.29,88.0,8.0,2.23
salmo,ca,49,-117,12.0,46.0,75.0,1.5
nalgonda,in,17,79,32.34,53.0,0.0,2.28
buluang,ph,13,119,31.0,66.0,20.0,3.1
amuntai,id,-2,115,30.54,77.0,20.0,1.28
balikpapan,id,-1,116,29.09,100.0,8.0,1.08
monte alegre,br,-2,-54,22.99,98.0,24.0,1.43
vendome,fr,48,1,14.12,32.0,1.0,5.7
myaundzha,ru,64,147,-2.07,72.0,36.0,1.68
kayerkan,ru,70,87,-14.62,89.0,48.0,6.38
langsa,id,5,99,26.44,98.0,24.0,1.08
shepetivka,ua,50,27,6.69,65.0,0.0,3.93
kolpashevo,ru,58,83,5.49,99.0,92.0,5.33
kunya,ru,56,31,30.0,42.0,0.0,4.6
harpanahalli,in,15,76,28.99,59.0,0.0,4.68
khislavichi,ru,54,32,6.49,64.0,64.0,8.93
zaozerne,ua,44,32,4.94,71.0,0.0,3.48
sriperumbudur,in,13,80,29.0,83.0,20.0,3.1
amursk,ru,50,137,4.84,97.0,88.0,2.48
voyinka,ua,46,34,11.04,73.0,20.0,7.48
vieste,it,42,16,14.64,100.0,0.0,0.98
ledyard,us,43,-94,8.75,34.0,1.0,3.6
craigieburn,au,-37,145,19.91,56.0,20.0,1.5
kyzyl-suu,kg,42,78,6.19,92.0,0.0,0.83
zykovo,ru,54,45,2.09,82.0,88.0,13.78
kribi,cm,3,10,25.19,94.0,92.0,1.08
yingcheng,cn,24,114,24.0,83.0,40.0,4.0
catumbela,ao,-13,14,16.59,96.0,0.0,0.93
yima,cn,35,112,15.79,99.0,92.0,3.18
katete,zm,-15,32,17.49,90.0,88.0,1.38
butterworth,za,-33,29,28.14,74.0,75.0,1.0
birobidzhan,ru,49,133,12.79,26.0,0.0,4.38
chaihe,cn,45,130,10.84,45.0,0.0,2.08
fayetteville,us,36,-94,11.0,100.0,90.0,2.1
naples,us,26,-82,25.97,57.0,20.0,3.1
gamboma,cg,-2,16,20.59,98.0,44.0,2.08
takab,ir,36,47,6.39,83.0,88.0,2.33
pemba,mz,-12,41,27.44,100.0,8.0,9.23
ulkan,ru,57,108,9.99,52.0,44.0,3.03
chama,zm,-11,33,17.74,86.0,0.0,2.83
kolyvan,ru,56,82,10.0,46.0,0.0,7.0
ust-tsilma,ru,67,50,-8.57,76.0,32.0,0.78
kishi,ng,9,4,23.49,89.0,24.0,4.13
bacalar,mx,19,-88,27.0,83.0,40.0,5.1
krasnyy bogatyr,ru,56,41,1.29,86.0,92.0,13.53
yantzaza,ec,-4,-78,16.44,100.0,92.0,0.78
bogandinskiy,ru,57,66,-2.0,58.0,0.0,3.0
mingaora,pk,35,73,11.44,66.0,0.0,1.03
chisec,gt,16,-90,20.34,93.0,76.0,0.83
were ilu,et,11,39,11.34,88.0,76.0,0.88
chulym,ru,55,81,13.24,54.0,76.0,9.63
gofitskoye,ru,45,43,1.34,84.0,8.0,1.28
los zacatones,mx,23,-102,24.0,17.0,75.0,5.1
aripuana,br,-10,-61,24.24,96.0,12.0,0.88
palu,id,1,120,25.74,74.0,36.0,0.78
bonthe,sl,7,-13,25.59,92.0,24.0,1.93
shizuishan,cn,39,106,18.69,48.0,32.0,1.53
norton shores,us,43,-87,6.33,35.0,1.0,1.28
suleja,ng,9,7,22.99,94.0,56.0,2.08
youhao,cn,48,129,11.64,35.0,0.0,1.63
utica,us,43,-75,3.0,51.0,1.0,1.73
zabid,ye,13,43,10.49,83.0,48.0,0.93
kholmy,ua,52,33,6.69,59.0,0.0,6.93
nyimba,zm,-15,31,20.84,72.0,20.0,2.13
pervouralsk,ru,57,60,-2.0,68.0,0.0,2.0
fraserburgh,gb,58,-2,8.0,93.0,90.0,4.1
bhinga,in,28,82,29.64,21.0,0.0,1.98
ha noi,vn,21,106,25.0,94.0,75.0,3.6
caravelas,br,-20,-31,25.79,100.0,80.0,5.93
xinyu,cn,28,115,26.79,75.0,88.0,5.23
frederiksvaerk,dk,56,12,4.33,86.0,0.0,2.1
conceicao da barra,br,-19,-39,24.64,90.0,64.0,4.48
polessk,ru,55,21,6.0,81.0,0.0,4.0
sainte-suzanne,re,-20,56,10.71,76.0,12.0,2.1
vyshestebliyevskaya,ru,45,37,11.0,93.0,44.0,6.0
magaria,ne,13,9,24.09,58.0,0.0,1.43
kantang,th,7,99,26.0,94.0,20.0,1.0
linkoping,se,58,16,5.65,70.0,0.0,3.1
whyalla,au,-34,137,32.0,19.0,0.0,6.7
puerto carreno,co,7,-68,19.09,100.0,92.0,2.13
vryburg,za,-27,25,7.99,71.0,0.0,1.28
sandpoint,us,48,-116,10.01,45.0,75.0,1.5
saposoa,pe,-7,-77,24.0,88.0,20.0,0.93
bhadra,in,29,75,24.69,32.0,0.0,2.03
lazaro cardenas,mx,12,-106,22.0,12.0,40.0,4.1
nguruka,tz,-5,31,18.29,98.0,36.0,2.23
glasgow,us,37,-86,9.08,87.0,20.0,1.0
tandlianwala,pk,31,73,22.79,55.0,0.0,2.08
medina del campo,es,41,-5,11.34,96.0,68.0,1.63
telimele,gn,11,-13,20.69,90.0,0.0,1.73
si bun ruang,th,17,102,29.0,74.0,0.0,1.78
dapaong,tg,11,0,25.04,73.0,12.0,2.93
dourbali,td,12,16,21.39,66.0,0.0,1.43
zaragoza,es,41,-1,13.0,82.0,0.0,1.0
ewa beach,us,15,-160,26.24,61.0,75.0,4.1
tiznit,ma,27,-11,13.29,83.0,44.0,2.48
rach gia,vn,10,105,29.94,93.0,0.0,2.03
pontal do parana,br,-26,-48,17.77,87.0,0.0,1.0
suozhen,cn,37,118,11.84,100.0,100.0,9.03
mairana,bo,-18,-64,12.69,91.0,20.0,1.43
leczyca,pl,52,19,4.0,86.0,0.0,2.98
sungairaya,id,1,107,28.54,88.0,36.0,1.48
bilibino,ru,69,164,2.54,66.0,8.0,1.38
eureka,us,41,-129,12.5,71.0,1.0,5.7
caohai,cn,27,104,19.69,65.0,20.0,1.68
deer lake,ca,50,-58,1.0,80.0,90.0,3.1
kruisfontein,za,-87,30,14.34,91.0,0.0,4.33
suzun,ru,54,82,12.79,57.0,80.0,6.38
puksoozero,ru,63,41,-6.67,77.0,0.0,7.08
lomovka,ru,54,58,-3.0,92.0,40.0,2.0
cangzhou,cn,38,117,10.74,100.0,100.0,10.38
petit goave,ht,18,-73,21.54,100.0,12.0,1.43
kagadi,ug,1,31,23.04,100.0,80.0,1.98
ziro,in,29,93,14.29,100.0,92.0,0.53
fallon,us,39,-117,18.0,36.0,1.0,7.7
maralal,ke,1,37,15.84,94.0,88.0,1.38
norsup,vu,-17,165,27.99,83.0,80.0,2.68
thunder bay,ca,47,-90,1.0,74.0,5.0,2.6
huaicheng,cn,24,112,23.49,94.0,92.0,3.03
weiser,us,45,-116,18.0,31.0,1.0,8.7
great falls,us,47,-111,12.08,27.0,1.0,6.2
karakol,kg,42,79,3.14,78.0,0.0,1.18
yarada,in,14,86,30.09,95.0,36.0,6.73
borgarnes,is,65,-22,4.0,100.0,0.0,2.6
maicao,co,11,-72,27.19,77.0,44.0,6.88
dombarovskiy,ru,49,60,3.44,100.0,80.0,3.03
greymouth,nz,-42,171,14.19,90.0,0.0,2.13
kokkola,fi,64,23,1.0,92.0,90.0,1.5
turbat,pk,27,64,21.14,36.0,0.0,1.28
bartlesville,us,37,-96,9.21,87.0,90.0,4.1
gerash,ir,27,54,17.0,39.0,0.0,1.03
balaka,mw,-15,35,15.99,97.0,56.0,1.48
yuli,tw,23,123,25.49,64.0,24.0,4.73
ananas,br,-6,-48,17.94,97.0,36.0,1.18
uusikaupunki,fi,60,21,4.0,78.0,56.0,3.6
honningsvag,no,79,26,-3.0,79.0,0.0,1.0
mirnyy,ru,62,114,1.94,76.0,80.0,9.78
schruns,at,47,10,3.87,93.0,0.0,0.5
creston,ca,49,-116,10.03,42.0,1.0,4.1
jorpeland,no,59,6,1.92,100.0,20.0,1.0
malacacheta,br,-18,-42,18.19,79.0,44.0,3.18
ichhawar,in,23,77,30.54,21.0,0.0,2.38
elk point,ca,54,-111,6.0,100.0,90.0,5.7
pirenopolis,br,-16,-49,19.0,72.0,0.0,3.6
santa fe,cu,21,-82,22.44,95.0,0.0,3.33
mersing,my,3,105,29.89,84.0,20.0,1.88
los andes,cl,-33,-70,17.0,59.0,0.0,3.1
wuan,cn,37,114,21.69,100.0,92.0,4.18
sao sebastiao,br,-26,-45,24.59,96.0,44.0,2.13
tysmenytsya,ua,49,25,15.0,58.0,0.0,3.0
smidovich,ru,48,134,12.99,23.0,0.0,4.83
banyo,cm,6,12,17.49,91.0,32.0,1.53
sumbe,ao,-11,13,24.34,100.0,12.0,2.18
sistranda,no,66,7,5.0,93.0,75.0,4.6
balingasay,ph,17,119,30.79,83.0,0.0,1.78
jiupu,cn,41,123,15.34,74.0,92.0,2.53
california city,us,35,-118,25.86,6.0,1.0,3.1
weston,us,45,-89,9.51,34.0,1.0,2.6
gualaco,hn,15,-86,26.0,74.0,75.0,1.5
erdaojiang,cn,42,126,11.39,96.0,92.0,1.43
barillas,gt,16,-91,13.0,82.0,0.0,1.0
maymyo,mm,22,97,31.0,58.0,75.0,3.6
latung,ph,5,121,28.19,83.0,32.0,1.63
mora,cm,11,14,-0.17,78.0,8.0,2.53
panshi,cn,43,126,13.24,68.0,0.0,5.28
tayshet,ru,56,98,13.24,43.0,24.0,2.23
catalao,br,-18,-48,17.19,73.0,8.0,1.43
mpanda,tz,-6,31,17.49,99.0,76.0,1.38
moctezuma,mx,30,-109,19.99,26.0,92.0,0.98
ushumun,ru,52,126,11.29,29.0,0.0,1.63
fonte boa,br,-3,-66,22.99,98.0,48.0,1.18
ubauro,pk,28,70,24.04,36.0,0.0,5.03
dakar,sn,15,-19,19.14,96.0,0.0,6.18
buritizeiro,br,-17,-45,21.64,68.0,88.0,3.73
carahue,cl,-39,-74,13.94,96.0,92.0,5.58
patrocinio,br,-19,-47,28.64,92.0,44.0,2.23
noumea,nc,-25,164,30.0,58.0,0.0,5.7
lugovoy,ru,61,66,-6.52,69.0,0.0,1.53
ushuaia,ar,-90,-42,4.0,86.0,40.0,8.2
maykor,ru,59,56,-3.72,72.0,92.0,7.33
stepankovice,cz,50,18,12.0,81.0,0.0,0.5
puerto colombia,co,11,-75,26.0,88.0,75.0,6.2
orchard homes,us,47,-115,12.0,30.0,1.0,5.7
lorengau,pg,7,149,30.24,92.0,36.0,4.08
hirtshals,dk,58,10,6.34,93.0,0.0,6.98
khunti,in,23,85,32.79,32.0,0.0,5.48
mahebourg,mu,-51,81,25.0,83.0,75.0,5.1
kirkwall,gb,59,-2,8.0,93.0,64.0,6.2
kampong thum,kh,13,105,32.09,68.0,8.0,4.08
ahar,ir,38,47,-0.42,99.0,92.0,1.23
kaitangata,nz,-77,176,11.44,72.0,80.0,9.68
kamina,cd,-9,25,16.69,81.0,0.0,1.23
birr,ie,53,-8,8.79,99.0,92.0,4.03
butaritari,ki,5,178,28.84,100.0,0.0,5.73
tual,id,-8,136,27.79,100.0,68.0,4.73
nieves,mx,24,-103,21.69,29.0,92.0,1.18
swellendam,za,-33,21,11.0,87.0,8.0,2.1
jaicos,br,-7,-41,28.14,51.0,80.0,5.58
dogondoutchi,ne,14,4,21.49,57.0,0.0,1.68
biala podlaska,pl,52,23,4.44,73.0,0.0,3.78
brewster,us,42,-70,5.5,80.0,40.0,5.03
honavar,in,14,74,29.44,88.0,0.0,1.18
shellbrook,ca,54,-107,5.0,86.0,75.0,3.1
porto walter,br,-9,-72,22.14,98.0,32.0,0.98
mundgod,in,15,75,26.14,78.0,0.0,1.88
wolsztyn,pl,52,16,3.91,93.0,0.0,0.5
sayyan,ye,15,45,12.94,78.0,76.0,0.33
dinar,tr,38,30,2.8,100.0,0.0,4.1
sukhothai,th,17,100,28.0,78.0,0.0,3.6
delijan,ir,34,51,9.79,54.0,48.0,1.63
baker city,us,43,-119,12.45,30.0,1.0,7.2
kodar,in,17,80,31.69,57.0,32.0,2.78
tazmalt,dz,36,4,14.0,93.0,40.0,5.1
kadhan,pk,24,69,24.84,38.0,0.0,1.93
sassenberg,de,52,8,10.39,87.0,0.0,1.0
changchun,cn,44,125,14.0,33.0,0.0,5.0
otaru,jp,43,141,8.19,83.0,64.0,2.93
fatehpur,in,28,75,22.44,51.0,0.0,2.08
kalispell,us,48,-115,11.0,27.0,1.0,5.1
mudgee,au,-32,150,19.54,75.0,36.0,3.73
yashkul,ru,46,45,6.79,69.0,0.0,6.13
lapua,fi,63,24,1.0,98.0,92.0,4.6
sal rei,cv,16,-21,20.0,72.0,40.0,4.6
yong peng,my,2,103,29.74,89.0,12.0,1.23
uva,ru,57,52,1.99,93.0,92.0,5.83
teahupoo,pf,-20,-150,30.0,70.0,40.0,4.6
vygonichi,ru,53,34,7.0,70.0,0.0,7.0
raipur,in,26,74,32.89,33.0,0.0,2.88
half moon bay,us,34,-131,20.05,76.0,1.0,6.2
fort wellington,gy,7,-57,24.84,100.0,92.0,3.98
loikaw,mm,20,97,28.69,51.0,0.0,1.53
boralday,kz,44,76,13.0,58.0,20.0,1.0
petrov val,ru,50,45,9.09,84.0,92.0,9.33
limulunga,zm,-15,23,18.44,65.0,24.0,1.33
matranovak,hu,48,20,10.09,82.0,0.0,1.33
bonito,br,-21,-57,21.69,84.0,0.0,1.53
tyret pervaya,ru,53,102,10.39,83.0,0.0,2.63
kanigoro,id,-11,112,29.09,94.0,12.0,3.38
ostrovskoye,ru,58,42,0.09,94.0,92.0,10.73
russkiy,ru,43,132,3.04,87.0,20.0,1.93
ilinge,za,-32,27,4.54,81.0,0.0,0.98
pontianak,id,0,109,29.09,91.0,56.0,1.53
temascalcingo,mx,20,-100,11.44,93.0,48.0,0.98
nova serrana,br,-20,-45,20.99,64.0,92.0,3.28
carutapera,br,2,-44,26.19,91.0,76.0,2.98
adre,td,14,22,15.94,25.0,0.0,3.48
