city,country,latitude,longitude,temperature,humidity,cloudiness,wind_speed
nehalim,il,32,35,18.57,82.0,40.0,2.1
kankakee,us,41,-88,7.0,52.0,1.0,4.1
madona,lv,57,26,6.39,58.0,0.0,6.28
kaseda,jp,30,130,24.0,47.0,20.0,4.1
sao miguel,br,-5,-34,16.59,99.0,48.0,1.18
kalispell,us,48,-115,10.0,31.0,1.0,4.6
malgrat de mar,es,41,3,11.07,93.0,20.0,1.5
anamur,tr,36,33,15.04,82.0,0.0,4.33
kahului,us,35,-147,24.91,69.0,40.0,7.2
filingue,ne,14,3,22.84,21.0,0.0,4.43
bay-ang,ph,11,123,29.34,94.0,56.0,2.23
horqueta,py,-23,-57,24.14,80.0,0.0,1.78
powell,us,45,-108,9.0,42.0,40.0,3.1
armeria,mx,19,-104,21.94,69.0,0.0,0.98
wangou,cn,42,127,11.94,79.0,92.0,2.08
simav,tr,39,29,-1.37,88.0,0.0,1.08
turtas,ru,59,69,-4.17,61.0,0.0,1.63
finschhafen,pg,-7,148,26.99,77.0,64.0,1.58
sanmenxia,cn,34,111,17.44,97.0,80.0,2.28
imphal,in,25,94,22.0,88.0,75.0,1.23
motygino,ru,58,95,7.14,86.0,48.0,2.98
galyugayevskaya,ru,44,45,6.69,75.0,0.0,3.18
george,za,-37,22,27.0,88.0,20.0,1.0
shakiso,et,5,39,12.44,100.0,44.0,1.08
corinto,ni,11,-88,20.34,83.0,88.0,2.78
oskemen,kz,50,83,18.0,27.0,0.0,7.0
koshurnikovo,ru,54,94,10.44,40.0,56.0,2.53
la ronge,ca,61,-107,5.0,93.0,90.0,2.6
diu,in,19,71,25.04,61.0,0.0,2.43
caucasia,co,8,-75,23.99,95.0,68.0,0.43
benidorm,es,38,0,16.0,67.0,0.0,2.6
el alto,pe,-3,-85,2.0,80.0,20.0,1.5
zermatt,ch,46,8,11.43,54.0,0.0,1.5
piranshahr,ir,36,45,8.64,56.0,80.0,1.33
ler,sd,8,30,4.61,100.0,90.0,2.6
chitungwiza,zw,-18,31,12.79,92.0,0.0,2.33
tocache,pe,-8,-77,13.49,92.0,44.0,0.68
east brainerd,us,35,-85,15.24,71.0,75.0,2.23
oromocto,ca,46,-66,0.0,57.0,90.0,1.0
ordu,tr,41,38,4.34,95.0,80.0,0.68
fereydunshahr,ir,33,50,4.84,69.0,76.0,2.03
ardalstangen,no,61,8,-0.62,94.0,88.0,0.83
starosubkhangulovo,ru,53,57,-1.72,87.0,48.0,3.53
pueblo,us,38,-104,4.34,80.0,75.0,1.38
kletskaya,ru,49,43,9.49,76.0,92.0,8.73
kilkis,gr,41,23,10.0,66.0,0.0,1.0
san angelo,us,31,-101,18.0,48.0,1.0,7.2
osinovo,ru,56,49,-5.82,69.0,0.0,4.83
orotukan,ru,62,152,-0.77,96.0,88.0,2.43
arona,es,27,-17,12.48,76.0,0.0,3.6
balvi,lv,57,27,5.74,65.0,0.0,8.33
shelburne,ca,41,-64,2.5,79.0,1.0,1.93
yinchuan,cn,38,108,20.49,48.0,32.0,2.03
laibin,cn,24,109,23.99,99.0,80.0,5.83
iquique,cl,-21,-73,19.0,72.0,0.0,5.7
ahlat,tr,39,42,-1.52,88.0,44.0,1.33
puerto colombia,co,11,-75,26.0,88.0,75.0,5.1
kaeo,nz,-31,175,19.59,63.0,56.0,5.63
trojes,hn,14,-86,11.0,93.0,0.0,1.5
totness,sr,7,-56,14.26,81.0,20.0,2.1
mount gambier,au,-52,132,20.49,70.0,0.0,1.48
aqtobe,kz,50,57,3.0,93.0,0.0,1.68
sidi ali,dz,36,0,14.69,73.0,0.0,1.68
ceyhan,tr,37,36,13.09,57.0,0.0,2.1
dodge city,us,37,-100,6.0,93.0,90.0,3.6
chiang rai,th,20,99,29.0,66.0,8.0,2.6
navrongo,gh,11,-1,25.74,66.0,0.0,2.58
ponta do sol,cv,15,-37,16.59,83.0,36.0,1.53
namie,jp,37,144,25.47,21.0,0.0,6.2
tarancon,es,40,-3,10.0,93.0,0.0,2.6
carhuamayo,pe,-11,-76,1.54,100.0,20.0,1.33
lerici,it,44,10,11.0,100.0,0.0,1.0
saurimo,ao,-10,19,16.79,66.0,0.0,1.63
cibitoke,bi,-3,29,16.44,97.0,88.0,1.03
sasaram,in,25,84,29.79,45.0,0.0,2.08
yerbogachen,ru,64,108,7.34,66.0,68.0,4.68
touzim,cz,50,13,9.22,93.0,20.0,1.0
tezu,in,30,99,16.84,95.0,76.0,0.73
terra santa,br,-1,-57,22.59,97.0,44.0,1.08
votkinsk,ru,57,54,-0.57,89.0,92.0,7.38
norton shores,us,43,-87,4.87,51.0,20.0,1.28
sertanopolis,br,-23,-51,20.0,77.0,0.0,2.1
ulety,ru,51,112,12.54,45.0,0.0,2.13
vikindu,tz,-7,40,23.09,98.0,88.0,1.63
port-de-bouc,fr,43,5,10.6,100.0,0.0,2.6
wuzhou,cn,24,111,26.69,81.0,20.0,4.13
saint-leu,re,-23,53,25.42,74.0,90.0,2.6
regina,ca,50,-105,11.0,53.0,90.0,10.3
lyngseidet,no,70,20,3.0,64.0,75.0,5.1
mayya,ru,61,130,5.0,27.0,0.0,3.0
poronaysk,ru,49,145,2.99,80.0,56.0,4.23
bose,cn,24,106,13.95,54.0,0.0,1.5
zhaotong,cn,27,103,18.14,75.0,64.0,1.43
sabya,sa,17,43,23.29,69.0,20.0,1.18
talnakh,ru,82,92,-14.07,92.0,48.0,4.58
zilupe,lv,56,28,6.14,63.0,56.0,8.58
hollins,us,38,-80,10.21,71.0,1.0,1.98
sao joao da ponte,br,-16,-44,20.54,61.0,24.0,4.93
mogwase,za,-25,27,13.0,87.0,0.0,1.5
snihurivka,ua,47,33,13.0,54.0,0.0,3.0
birao,cf,10,24,19.79,45.0,0.0,1.63
arkhipo-osipovka,ru,43,38,9.34,85.0,12.0,3.93
whyalla,au,-34,137,33.0,17.0,0.0,6.2
el tigre,ve,8,-65,26.44,68.0,12.0,6.28
san ramon de la nueva oran,ar,-23,-65,26.29,73.0,92.0,2.88
turmalina,br,-17,-43,18.09,79.0,36.0,4.23
agogo,gh,7,-1,22.59,95.0,8.0,2.13
grootfontein,na,-19,19,10.69,67.0,0.0,1.43
ciudad guayana,ve,9,-63,27.64,71.0,48.0,3.53
fomboni,km,-13,43,29.09,98.0,48.0,5.28
oussouye,sn,12,-17,19.51,93.0,0.0,3.1
bogatynia,pl,51,15,7.44,75.0,0.0,1.93
sakti,in,22,83,33.19,29.0,0.0,3.58
albacete,es,39,-2,11.0,81.0,0.0,2.1
damara,cf,5,19,25.0,88.0,0.0,2.23
munai,ph,8,124,23.29,100.0,76.0,0.48
plyussa,ru,58,29,5.24,99.0,92.0,2.88
duldurga,ru,51,114,12.29,49.0,12.0,2.38
guarare,pa,8,-80,24.09,97.0,80.0,0.58
alabat,ph,14,122,27.89,90.0,36.0,4.33
abancay,pe,-14,-73,4.34,94.0,48.0,0.23
gidam,in,19,81,29.74,54.0,0.0,2.93
purpe,ru,65,77,-12.97,86.0,12.0,3.43
masterton,nz,-41,176,13.04,59.0,0.0,4.38
agdam,az,40,47,6.34,94.0,92.0,1.13
angoche,mz,-16,40,26.89,100.0,0.0,6.38
danielskuil,za,-28,24,6.49,73.0,0.0,1.18
randazzo,it,38,15,12.78,93.0,0.0,2.6
hirtshals,dk,58,10,6.34,93.0,0.0,6.98
canyon,us,35,-102,7.46,87.0,75.0,3.1
zverinogolovskoye,ru,54,65,-3.52,92.0,0.0,2.43
tomohon,id,1,124,29.0,74.0,40.0,3.1
jamestown,sh,-9,-2,29.44,22.0,0.0,4.03
bay city,us,44,-83,5.99,45.0,1.0,2.6
tuban,id,-7,112,29.59,98.0,12.0,1.98
bela vista de goias,br,-17,-49,20.0,77.0,0.0,2.6
joinville,br,-26,-49,20.0,88.0,20.0,3.1
changtu,cn,43,124,13.19,83.0,64.0,6.48
balgazyn,ru,51,95,10.14,44.0,0.0,1.33
ron phibun,th,8,100,33.0,59.0,20.0,2.6
naze,jp,21,138,22.59,96.0,36.0,1.33
ryotsu,jp,38,138,22.0,43.0,0.0,5.7
turukhansk,ru,64,86,-11.52,100.0,64.0,3.58
moose factory,ca,51,-81,-7.0,100.0,1.0,1.5
kitob,uz,39,67,20.0,19.0,20.0,5.1
cheremkhovo,ru,53,103,9.64,84.0,0.0,3.48
bozeman,us,45,-111,12.0,37.0,1.0,8.2
homer,us,58,-150,5.09,93.0,90.0,7.33
totma,ru,60,43,-2.42,80.0,92.0,11.58
poletayevo,ru,55,61,-1.0,80.0,0.0,4.0
siedlce,pl,52,22,5.19,68.0,0.0,3.13
ndola,zm,-13,29,16.34,72.0,8.0,4.23
liuhe,cn,42,125,11.39,96.0,92.0,1.43
creston,ca,49,-116,9.65,49.0,20.0,5.1
binzhou,cn,23,109,11.84,100.0,100.0,9.03
osmena,ph,10,120,29.34,94.0,56.0,2.23
zubtsov,ru,56,35,2.94,71.0,80.0,8.73
smidovich,ru,48,134,12.99,23.0,0.0,4.83
manta,ec,-1,-81,6.44,81.0,0.0,1.13
tacuarembo,uy,-32,-56,19.49,95.0,12.0,1.03
blytheville,us,36,-90,18.38,42.0,20.0,5.1
virden,ca,50,-101,11.99,49.0,20.0,10.43
lengshuitan,cn,26,111,21.74,100.0,92.0,2.23
paveh,ir,35,46,13.0,50.0,40.0,6.2
zelenoborsk,ru,62,64,-6.17,63.0,36.0,1.53
sioux lookout,ca,53,-90,6.54,81.0,20.0,2.38
pahrump,us,38,-117,24.07,8.0,1.0,0.83
saskatoon,ca,52,-107,9.0,70.0,75.0,5.7
saint-georges,gf,6,-46,-0.77,63.0,12.0,2.13
letpadan,mm,18,96,32.64,48.0,0.0,1.13
kranea elassonos,gr,40,22,5.64,83.0,0.0,1.03
alta gracia,ar,-32,-65,19.0,93.0,0.0,1.68
zhaoyang,cn,33,120,8.94,100.0,100.0,6.78
khash,ir,28,62,11.34,38.0,0.0,1.18
rovnoye,ru,51,46,11.34,64.0,92.0,10.08
dubai,ae,24,56,23.92,31.0,0.0,3.1
bhag,pk,29,68,23.44,19.0,0.0,1.23
stranraer,gb,55,-5,6.0,87.0,75.0,11.3
kikuchi,jp,33,131,22.35,44.0,40.0,2.6
chatra,in,24,85,33.0,24.0,0.0,7.7
arroyos y esteros,py,-25,-57,25.0,78.0,0.0,1.5
turinsk,ru,58,64,-0.92,51.0,88.0,1.78
jos,ng,10,9,20.19,91.0,36.0,2.63
naples,us,26,-82,24.65,73.0,75.0,4.1
guider,cm,10,14,23.19,68.0,32.0,2.78
cape canaveral,us,29,-79,23.51,78.0,20.0,6.7
esperantinopolis,br,-5,-45,25.19,83.0,24.0,1.68
borovskoy,kz,54,64,-2.42,97.0,0.0,3.13
latung,ph,5,121,28.19,83.0,32.0,1.63
toamasina,mg,-18,50,24.0,94.0,75.0,1.13
magdagachi,ru,54,126,10.69,30.0,0.0,1.68
uusikaupunki,fi,60,21,4.0,78.0,56.0,3.1
zhmerynka,ua,49,28,7.39,65.0,0.0,4.03
lahad datu,my,5,118,28.54,88.0,20.0,0.88
temiscaming,ca,47,-79,3.0,44.0,1.0,1.0
san juan de colon,ve,8,-72,27.0,78.0,40.0,2.1
mehndawal,in,27,83,31.84,23.0,0.0,2.28
tiksi,ru,76,124,-2.82,85.0,0.0,2.93
tupik,ru,55,120,9.94,33.0,24.0,1.58
ljungby,se,57,14,4.0,93.0,0.0,2.6
mambolo,sl,9,-13,25.14,100.0,0.0,4.13
bonito,br,-21,-57,21.69,84.0,0.0,1.53
chinchani,in,20,72,28.54,39.0,0.0,1.88
priyutovo,ru,54,54,-1.92,91.0,64.0,6.88
chingirlau,kz,50,54,1.19,80.0,0.0,2.88
white rock,ca,49,-123,9.56,66.0,1.0,0.73
arroyo,us,16,-66,7.01,42.0,1.0,3.6
vaitape,pf,-19,-155,27.29,100.0,68.0,3.68
ellisras,za,-24,28,15.39,79.0,0.0,1.18
huangnihe,cn,44,128,11.84,37.0,0.0,2.98
buzmeyin,tm,38,58,15.0,72.0,75.0,4.1
bitkine,td,12,18,20.49,59.0,0.0,1.28
alamos,mx,28,-109,19.44,76.0,0.0,5.73
yima,cn,35,112,15.79,99.0,92.0,3.18
bakhmach,ua,51,33,6.79,62.0,0.0,6.53
padang,id,-2,98,27.74,100.0,8.0,1.03
kaniama,cd,-7,25,17.54,93.0,8.0,0.88
kirzhach,ru,56,39,-0.17,88.0,92.0,12.73
poyarkovo,ru,49,129,12.34,39.0,0.0,1.88
bondowoso,id,-8,114,27.44,90.0,48.0,1.58
tigil,ru,60,157,2.59,94.0,0.0,2.88
yenagoa,ng,2,5,23.64,100.0,100.0,1.48
taybad,ir,34,60,11.84,64.0,32.0,1.28
westwood,us,41,-74,28.0,48.0,40.0,3.1
tessalit,ml,19,-1,14.59,25.0,0.0,1.33
valkeakoski,fi,61,24,3.0,93.0,75.0,1.0
mogok,mm,23,97,28.09,60.0,8.0,0.93
colomi,bo,-17,-66,15.0,62.0,40.0,3.6
ragama,lk,7,80,29.0,74.0,20.0,2.6
moranbah,au,-22,147,26.59,54.0,0.0,4.73
san luis,co,6,-75,16.34,90.0,56.0,1.13
horki,by,54,31,6.0,70.0,0.0,8.0
cave spring,us,37,-80,10.47,71.0,1.0,1.98
caucaia,br,0,-36,28.0,83.0,75.0,3.6
san francisco,ar,-32,-62,16.79,87.0,0.0,2.1
warkworth,nz,-36,175,18.0,63.0,24.0,7.7
patillas,us,18,-66,26.0,78.0,20.0,3.6
mporokoso,zm,-9,30,19.69,55.0,92.0,4.13
bulaevo,kz,55,70,-0.72,100.0,0.0,5.23
chiusi,it,43,12,7.84,79.0,0.0,1.18
avera,pf,-30,-155,18.41,68.0,90.0,3.6
nagai,jp,38,140,25.0,29.0,0.0,4.1
karachi,pk,25,67,26.0,31.0,0.0,4.13
hasaki,jp,23,156,27.0,34.0,0.0,3.1
isilkul,ru,55,71,-0.07,100.0,12.0,5.83
kanigoro,id,-11,112,29.09,94.0,12.0,3.38
wrexham,gb,53,-3,15.33,82.0,0.0,3.6
diveyevo,ru,55,43,2.84,83.0,44.0,8.98
muzhi,ru,65,64,-10.97,74.0,36.0,3.68
kazanka,ua,48,33,12.0,50.0,0.0,5.0
port pirie,au,-33,138,33.0,17.0,0.0,6.2
sosenskiy,ru,54,36,6.54,70.0,92.0,7.73
victoria point,au,-27,155,23.28,57.0,75.0,6.2
gescher,de,52,7,10.04,76.0,0.0,1.5
bayji,iq,35,43,13.84,73.0,0.0,0.33
shasta lake,us,41,-122,21.34,44.0,1.0,1.5
ellwangen,de,49,10,8.98,81.0,20.0,1.0
luyang,cn,34,113,25.0,78.0,0.0,3.0
kosa,ru,60,55,-5.02,83.0,88.0,5.93
dzaoudzi,yt,-11,47,28.0,83.0,40.0,5.1
sovetskaya gavan,ru,48,140,4.34,73.0,80.0,0.38
seydisehir,tr,37,32,3.34,73.0,0.0,2.43
winchester,us,38,-84,13.26,87.0,0.0,1.5
prince rupert,ca,52,-132,8.0,75.0,90.0,2.1
singaparna,id,-11,107,25.94,79.0,56.0,1.33
aranda de duero,es,42,-4,11.14,66.0,56.0,3.98
panguna,pg,-7,153,25.84,94.0,92.0,2.13
barsovo,ru,61,73,-5.0,53.0,20.0,2.0
selenginsk,ru,52,107,12.0,27.0,0.0,1.0
maxixe,mz,-24,35,22.0,94.0,0.0,2.53
aswan,eg,22,32,27.0,26.0,0.0,3.6
balakhta,ru,55,92,11.24,63.0,0.0,2.53
okha,ru,56,146,0.09,94.0,0.0,7.88
mezhdurechensk,ru,54,88,11.84,48.0,0.0,1.68
nishihara,jp,20,137,25.72,32.0,0.0,1.5
wembley,ca,55,-119,13.37,93.0,12.0,0.5
sokode,tg,9,1,22.69,82.0,32.0,1.83
medvezhyegorsk,ru,63,34,-4.57,77.0,20.0,2.53
nanhai,cn,30,112,23.94,89.0,92.0,2.63
barranca,pe,-3,-76,17.79,100.0,56.0,1.73
redmond,us,44,-120,9.78,57.0,75.0,2.1
orlik,ru,52,100,0.69,75.0,0.0,1.13
novyye burasy,ru,52,46,10.0,76.0,90.0,7.0
madarounfa,ne,13,7,21.84,67.0,0.0,2.68
lubango,ao,-14,13,14.94,73.0,0.0,1.18
schruns,at,47,10,4.31,93.0,0.0,0.5
nikolayevka,ru,53,47,11.84,83.0,92.0,11.58
zhangjiakou,cn,41,115,6.49,100.0,92.0,3.03
les cayes,ht,18,-74,26.49,100.0,56.0,6.18
hungund,in,16,76,31.14,31.0,0.0,2.13
khilok,ru,51,111,13.14,42.0,0.0,1.98
esna,eg,25,31,10.39,78.0,0.0,0.98
pathardi,in,19,75,28.44,29.0,0.0,2.33
boissevain,ca,49,-100,8.0,81.0,1.0,7.2
rafaela,ar,-30,-62,23.09,93.0,24.0,3.28
zarate,ar,-34,-59,21.0,77.0,0.0,2.1
indramayu,id,-5,109,25.29,90.0,32.0,1.68
sao filipe,cv,11,-28,20.24,100.0,64.0,6.03
bend,us,43,-120,9.56,36.0,1.0,4.1
rolla,us,38,-92,16.02,38.0,1.0,4.6
konstantinovka,ru,49,128,13.19,52.0,36.0,3.83
burnie,au,-46,140,15.99,100.0,20.0,3.13
altamont,us,42,-121,10.0,76.0,1.0,4.6
tuatapere,nz,-47,167,11.34,100.0,36.0,6.93
rebrikha,ru,53,82,11.34,68.0,24.0,7.48
guamo,co,4,-75,11.0,100.0,0.0,1.0
talakan,ru,50,131,9.79,28.0,0.0,3.98
lujan,ar,-35,-59,13.44,50.0,56.0,9.53
glencoe,za,-28,30,12.94,99.0,64.0,0.93
umm lajj,sa,25,37,21.74,80.0,8.0,2.83
sooke,ca,48,-124,8.98,57.0,75.0,5.7
karatuzskoye,ru,53,93,12.59,68.0,24.0,1.88
banjar,id,-12,106,28.59,78.0,36.0,1.68
colombo,lk,7,79,29.0,74.0,20.0,2.6
zerbst,de,52,12,9.0,87.0,0.0,3.1
tiznit,ma,27,-11,13.29,83.0,44.0,2.48
boditi,et,7,38,12.94,96.0,48.0,1.03
rochefort,fr,46,-1,16.93,72.0,0.0,3.1
carauari,br,-6,-66,23.94,96.0,8.0,1.18
athni,in,17,75,28.79,33.0,0.0,1.83
byron bay,au,-27,159,21.0,83.0,40.0,5.7
concord,us,38,-122,17.51,77.0,1.0,1.5
solwezi,zm,-12,26,12.14,77.0,0.0,2.38
balakovo,ru,52,48,8.84,75.0,80.0,8.88
rancharia,br,-22,-51,22.0,53.0,0.0,2.1
nakusp,ca,50,-118,0.09,72.0,88.0,0.78
cootamundra,au,-35,148,20.14,82.0,8.0,2.23
caorle,it,45,13,11.84,93.0,0.0,2.6
chapada dos guimaraes,br,-15,-55,24.0,94.0,0.0,1.0
canchungo,gw,12,-16,20.0,88.0,0.0,1.0
aberdeen,us,45,-99,4.0,80.0,1.0,2.1
kirakira,sb,-10,163,27.09,100.0,76.0,8.73
cotonou,bj,3,3,23.59,95.0,0.0,1.58
preobrazheniye,ru,42,135,12.49,40.0,36.0,1.43
san rafael del sur,ni,11,-87,28.0,69.0,20.0,4.1
bela,pk,27,66,21.14,15.0,0.0,1.58
mae sai,th,21,100,29.0,66.0,12.0,2.6
sonoita,mx,32,-113,21.4,17.0,1.0,4.1
durusu,tr,42,29,9.77,87.0,75.0,2.1
lebanon,us,36,-86,1.36,59.0,1.0,1.93
khonsa,in,26,96,21.04,91.0,48.0,0.83
burns lake,ca,54,-125,1.34,55.0,36.0,3.68
duluth,us,47,-91,3.01,69.0,1.0,2.88
calgary,ca,51,-114,5.41,24.0,20.0,8.2
nkongsamba,cm,5,10,22.59,94.0,80.0,1.23
seligenstadt,de,50,9,15.0,77.0,0.0,3.1
rheden,nl,52,6,12.35,66.0,90.0,1.5
onguday,ru,51,87,9.79,47.0,0.0,1.23
iisalmi,fi,63,27,-1.0,80.0,90.0,2.6
rong kwang,th,18,101,32.0,62.0,0.0,4.6
kasungu,mw,-13,33,15.54,95.0,0.0,1.48
goksun,tr,38,36,6.0,87.0,0.0,3.6
veraval,in,18,69,14.67,82.0,0.0,2.1
vozdvizhenka,ru,44,132,-1.67,70.0,20.0,3.78
anito,ph,13,126,26.99,100.0,88.0,5.23
hudson bay,ca,53,-102,8.59,82.0,92.0,4.03
williamsport,us,41,-77,4.73,45.0,1.0,1.63
villa maria,ar,-32,-63,12.0,87.0,40.0,1.5
tosya,tr,41,34,-2.92,88.0,0.0,1.23
danilovka,ru,50,44,8.99,89.0,92.0,8.98
fayaoue,nc,-19,166,25.69,100.0,36.0,7.38
sao marcos,br,-29,-51,14.39,92.0,12.0,1.43
hailey,us,44,-115,13.0,30.0,5.0,4.1
pontivy,fr,48,-3,10.0,93.0,0.0,1.0
koungheul,sn,14,-15,21.19,47.0,0.0,3.93
kigoma,tz,-5,29,23.69,100.0,44.0,1.93
ileza,ru,61,44,-3.32,69.0,88.0,10.63
thouars,fr,47,0,12.48,82.0,0.0,2.1
jian,cn,27,115,25.49,71.0,100.0,4.48
macusani,pe,-14,-70,9.39,100.0,56.0,0.83
jumla,np,35,85,4.39,83.0,0.0,0.88
godinesti,ro,45,23,5.94,87.0,0.0,0.98
jupiter,us,27,-80,24.51,78.0,75.0,6.7
kudahuvadhoo,mv,3,66,29.49,99.0,24.0,3.23
tangshan,cn,37,115,11.99,90.0,92.0,8.23
ardabil,ir,38,48,2.0,100.0,90.0,3.1
bracebridge,ca,45,-79,-2.0,74.0,1.0,1.33
skotterud,no,60,12,0.09,81.0,8.0,1.58
keningau,my,5,116,32.0,70.0,75.0,3.1
kemi,fi,66,25,-1.0,74.0,0.0,1.5
suchitoto,sv,14,-89,26.55,74.0,20.0,2.6
felipe carrillo puerto,mx,20,-88,26.59,70.0,32.0,2.73
teseney,er,15,37,21.74,39.0,0.0,1.53
jiazi,cn,21,117,31.0,62.0,40.0,5.0
saint anthony,ca,56,-54,12.63,38.0,1.0,4.6
krasnoyarsk,ru,56,93,16.0,31.0,0.0,4.0
lazarev,ru,53,142,3.84,72.0,0.0,3.68
wagar,sd,17,36,20.59,62.0,44.0,2.28
masalli,az,39,49,23.0,73.0,90.0,5.7
vanderhoof,ca,53,-125,2.34,53.0,44.0,4.23
buenavista,co,9,-76,21.56,94.0,75.0,0.78
yantal,ru,57,105,9.99,53.0,24.0,3.23
ponnampet,in,12,76,23.94,93.0,76.0,1.58
santa cruz,cr,7,-91,17.99,52.0,1.0,1.28
hede,cn,34,121,4.0,60.0,0.0,4.6
canton,us,33,-90,7.61,38.0,1.0,2.1
urengoy,ru,66,79,-12.17,87.0,68.0,6.33
umm bab,qa,25,51,24.09,37.0,0.0,4.73
bekasi,id,-6,107,31.0,66.0,20.0,1.5
krasnoarmeysk,kz,54,69,2.0,82.0,90.0,7.0
fuzhou,cn,26,119,24.0,78.0,20.0,3.0
ximei,cn,25,118,29.0,62.0,75.0,0.5
tonekabon,ir,37,51,12.45,87.0,90.0,0.18
greymouth,nz,-42,171,14.19,90.0,0.0,2.13
mecca,sa,23,40,30.0,42.0,0.0,1.23
wicklow,ie,53,-6,10.0,61.0,75.0,6.2
dori,bf,14,0,20.34,56.0,0.0,1.23
tabou,ci,2,-6,26.94,100.0,36.0,3.68
midland,ca,45,-80,14.0,58.0,0.0,5.1
scarborough,gb,57,2,12.7,93.0,24.0,0.5
cherepanovo,ru,54,83,12.84,66.0,36.0,5.83
morros,br,-9,-46,25.0,94.0,75.0,1.5
damphu,bt,27,90,17.79,83.0,68.0,0.78
nova vicosa,br,-19,-38,21.44,92.0,44.0,3.23
malpe,in,13,74,30.0,74.0,40.0,2.6
balikpapan,id,-1,116,29.09,100.0,8.0,1.08
colonial heights,us,37,-78,10.14,61.0,90.0,2.98
sjenica,rs,43,20,2.64,88.0,0.0,1.13
tucurui,br,-4,-50,23.99,91.0,36.0,1.83
manitowoc,us,44,-88,4.38,55.0,1.0,3.33
batticaloa,lk,10,87,28.99,97.0,20.0,2.08
jonuta,mx,18,-92,30.74,50.0,0.0,7.23
requena,pe,-6,-74,13.0,76.0,0.0,1.5
ulkan,ru,57,108,9.99,52.0,44.0,3.03
casa nova,br,-9,-41,21.14,94.0,76.0,1.73
hermiston,us,45,-120,10.94,32.0,1.0,3.6
lagoa,pt,51,-33,16.0,93.0,75.0,2.1
nanchang,cn,29,116,26.04,85.0,80.0,4.63
ambalavao,mg,-22,47,11.19,91.0,0.0,0.88
kulevcha,ua,46,30,14.84,61.0,92.0,5.23
tromso,no,73,19,3.0,64.0,75.0,5.1
cache creek,ca,51,-121,9.53,36.0,75.0,3.6
machinga,mw,-15,36,17.69,100.0,0.0,1.43
terme,tr,42,37,3.0,100.0,20.0,3.03
semporna,my,4,119,31.0,74.0,75.0,2.1
thaba-tseka,ls,-30,29,-4.32,72.0,0.0,0.88
rentina,gr,39,22,10.0,66.0,0.0,1.0
damietta,eg,33,32,18.0,72.0,40.0,5.7
gornoye loo,ru,43,39,11.0,81.0,90.0,3.0
cataingan,ph,12,124,28.59,99.0,12.0,2.18
mar del plata,ar,-47,-54,15.59,49.0,44.0,8.73
casper,us,43,-106,9.0,66.0,1.0,6.2
lianzhou,cn,22,109,22.79,90.0,80.0,1.88
jizan,sa,16,41,29.0,62.0,0.0,2.6
osypenko,ua,47,37,12.0,50.0,0.0,8.0
jutai,br,-5,-68,22.34,100.0,92.0,1.48
obsharovka,ru,53,49,8.34,76.0,92.0,9.73
letlhakeng,bw,-24,25,10.99,68.0,0.0,1.33
chegdomyn,ru,51,133,5.09,33.0,0.0,4.33
chukhloma,ru,59,43,-1.42,90.0,92.0,12.03
aljezur,pt,36,-13,14.69,100.0,92.0,3.33
dubovka,ru,49,45,9.0,70.0,40.0,12.0
linqiong,cn,32,102,23.0,83.0,40.0,2.0
millville,us,39,-75,8.59,81.0,1.0,1.63
gizo,sb,-7,157,18.59,82.0,40.0,2.1
atkarsk,ru,52,45,9.34,97.0,92.0,7.48
nova olimpia,br,-15,-58,22.34,88.0,8.0,1.23
hutchinson,us,38,-98,7.01,100.0,90.0,4.6
guane,cu,22,-84,22.54,89.0,0.0,1.23
puno,pe,-16,-70,5.09,75.0,76.0,1.08
niagara falls,us,43,-79,4.6,55.0,1.0,2.6
dindori,in,23,81,29.99,24.0,0.0,3.78
basco,ph,21,122,11.82,40.0,1.0,5.7
sorsk,ru,54,90,8.09,63.0,8.0,3.33
chauk,mm,21,95,31.64,59.0,0.0,0.98
chivilcoy,ar,-35,-60,17.14,94.0,0.0,4.08
bemidji,us,48,-95,7.41,52.0,1.0,2.6
tessaoua,ne,14,8,22.59,46.0,0.0,2.88
fort morgan,us,40,-104,3.0,86.0,75.0,2.6
barillas,gt,16,-91,13.0,82.0,0.0,2.1
kedougou,sn,13,-12,23.84,43.0,12.0,3.13
gondanglegi,id,-13,112,27.79,91.0,24.0,1.23
nanyang,cn,33,113,20.39,80.0,24.0,8.43
airai,pw,15,143,28.24,57.0,20.0,1.38
lucea,jm,17,-80,27.0,78.0,40.0,3.6
morehead,pg,-9,142,15.0,21.0,1.0,2.1
tlalnepantla,mx,19,-99,15.54,63.0,90.0,7.7
vychegodskiy,ru,61,47,-2.92,77.0,92.0,9.48
buta,cd,2,25,23.39,93.0,80.0,0.93
sturgeon bay,us,45,-87,7.0,45.0,1.0,3.1
sabang,id,8,95,28.64,92.0,44.0,2.23
kuroiso,jp,37,140,26.0,21.0,0.0,6.2
pinar del rio,cu,23,-84,22.54,89.0,0.0,1.23
maku,ir,39,44,-0.97,100.0,92.0,1.33
tashara,ru,56,83,13.19,62.0,48.0,6.93
meulaboh,id,-3,92,28.34,100.0,12.0,2.23
warmbad,na,-29,19,8.56,93.0,56.0,1.0
troitsko-pechorsk,ru,63,57,-8.52,65.0,0.0,1.98
bulawayo,zw,-20,28,11.29,89.0,0.0,1.23
ouegoa,nc,-19,165,28.19,68.0,48.0,4.33
delta del tigre,uy,-35,-57,21.0,94.0,75.0,1.5
oda,jp,36,132,25.0,41.0,0.0,5.7
uri,in,34,74,9.0,93.0,0.0,1.5
quiruvilca,pe,-8,-78,11.44,89.0,48.0,0.88
tooele,us,41,-113,14.39,65.0,1.0,1.5
sidney,us,48,-105,13.61,50.0,1.0,6.7
varzea da palma,br,-18,-45,21.64,68.0,88.0,3.73
jorpeland,no,59,6,3.0,93.0,0.0,1.5
atuona,pf,-15,-143,27.19,100.0,0.0,6.38
goundi,td,10,18,26.24,53.0,0.0,5.03
uryupinsk,ru,51,42,8.29,91.0,0.0,7.83
agirish,ru,62,63,-5.42,63.0,20.0,1.63
voh,nc,-23,163,27.34,88.0,68.0,4.83
nova serrana,br,-20,-45,20.99,64.0,92.0,3.28
pak phanang,th,9,102,33.0,59.0,20.0,2.6
tsiroanomandidy,mg,-19,46,12.69,94.0,0.0,1.23
oeiras do para,br,-2,-50,23.59,100.0,80.0,1.98
mantua,cu,24,-85,14.07,71.0,0.0,4.1
santo domingo,ec,0,-79,22.0,94.0,40.0,2.1
jiaonan,cn,36,120,14.0,93.0,90.0,3.0
severobaykalsk,ru,56,109,3.59,83.0,36.0,1.33
saint augustine,us,30,-81,25.0,83.0,20.0,1.5
pangoa,pe,-11,-72,17.59,98.0,68.0,0.83
grindavik,is,56,-27,3.0,86.0,20.0,6.7
coquimbo,cl,-28,-82,13.0,93.0,90.0,2.03
syasstroy,ru,60,33,-0.72,87.0,36.0,2.98
heerenveen,nl,53,6,10.01,71.0,90.0,3.6
la cruz,mx,23,-108,23.59,57.0,48.0,1.28
dunmore east,ie,52,-7,8.44,99.0,92.0,5.53
mackenzie,ca,56,-124,6.0,45.0,90.0,4.1
akhisar,tr,39,28,2.89,80.0,0.0,1.08
barnbach,at,47,16,9.0,93.0,0.0,0.5
torata,pe,-17,-71,2.84,74.0,20.0,0.53
san carlos del zulia,ve,9,-72,27.14,86.0,48.0,1.08
sebina,bw,-21,27,16.49,74.0,0.0,2.38
buciumi,ro,47,23,11.0,71.0,0.0,0.5
mombetsu,jp,45,144,4.0,98.0,75.0,4.1
guerrero negro,mx,15,-131,19.44,58.0,64.0,2.68
deep river,ca,47,-77,0.0,80.0,1.0,1.03
siddipet,in,18,79,30.79,50.0,0.0,2.33
magomeni,tz,-5,38,23.79,100.0,88.0,3.53
talalayivka,ua,51,32,6.79,60.0,0.0,6.13
stawell,au,-37,143,22.39,69.0,0.0,1.18
naifaru,mv,5,74,29.69,99.0,76.0,2.58
giyani,za,-23,31,16.84,93.0,44.0,1.28
bereznik,ru,63,42,-5.82,69.0,0.0,4.83
rongcheng,cn,26,120,12.84,99.0,92.0,4.23
iramuco,mx,20,-101,23.0,40.0,5.0,3.1
allonnes,fr,48,0,11.88,93.0,0.0,1.0
vieira de leiria,pt,40,-9,15.0,93.0,40.0,0.5
remedios,pa,8,-82,24.0,83.0,20.0,4.1
rosendal,no,60,6,4.69,60.0,0.0,4.1
pacifica,us,37,-124,17.93,77.0,1.0,1.5
yerky,ua,49,31,8.19,65.0,0.0,5.48
humenne,sk,49,22,7.59,64.0,0.0,4.23
teknaf,bd,21,93,30.49,75.0,0.0,1.63
sao raimundo das mangabeiras,br,-7,-45,30.09,46.0,100.0,4.53
pleasanton,us,29,-98,18.55,52.0,1.0,3.6
amod,in,22,73,27.89,82.0,0.0,2.08
wolsztyn,pl,52,16,3.0,100.0,0.0,1.13
norden,de,54,7,7.62,87.0,20.0,2.1
zonguldak,tr,43,31,4.69,96.0,0.0,1.78
assare,br,-7,-40,22.94,65.0,24.0,2.58
shchigry,ru,52,37,5.79,86.0,0.0,7.08
nawa,sy,33,36,26.59,24.0,0.0,3.68
yangambi,cd,-1,24,22.84,99.0,36.0,1.03
adiake,ci,5,-3,27.0,83.0,20.0,2.1
santa maria del oro,mx,26,-105,21.79,22.0,92.0,2.13
calvia,es,40,2,12.0,87.0,0.0,1.0
saint-raymond,ca,47,-72,0.07,68.0,1.0,2.23
elliot,za,-31,28,1.29,70.0,0.0,1.03
tingo maria,pe,-9,-76,16.44,95.0,8.0,0.78
ballina,ie,57,-11,7.79,99.0,76.0,3.98
prabumulih,id,-3,104,28.19,100.0,44.0,1.63
beitbridge,zw,-22,30,16.79,95.0,0.0,1.33
tongling,cn,31,118,24.64,84.0,68.0,6.63
yarmouth,ca,41,-67,12.97,87.0,0.0,1.5
cooma,au,-37,149,16.69,92.0,20.0,1.43
pointe michel,dm,15,-62,25.74,98.0,100.0,7.93
jati,pk,24,68,25.99,39.0,0.0,1.63
ouidah,bj,6,2,23.14,96.0,0.0,2.08
ushuaia,ar,-90,-42,4.0,80.0,75.0,4.6
kargopol,ru,61,39,-5.32,74.0,0.0,6.83
shalinskoye,ru,56,94,12.59,45.0,20.0,3.23
milledgeville,us,33,-83,17.99,68.0,90.0,2.83
pacasmayo,pe,-8,-81,19.84,96.0,0.0,5.78
porto de moz,br,-2,-52,22.64,98.0,68.0,1.78
wawa,ca,48,-85,25.59,81.0,68.0,3.68
canutama,br,-7,-64,24.59,92.0,68.0,1.33
beruwala,lk,6,79,29.64,96.0,24.0,0.88
villa bruzual,ve,9,-69,23.94,83.0,12.0,2.48
roros,no,62,12,2.0,80.0,68.0,1.5
wad rawah,sd,15,33,20.49,25.0,0.0,2.58
temir,kz,49,57,6.84,95.0,92.0,1.98
sao jose da laje,br,-9,-36,23.0,100.0,90.0,3.1
shache,cn,40,78,13.99,54.0,0.0,0.88
bokhan,ru,53,104,10.49,73.0,0.0,2.28
nanma,cn,36,118,8.69,100.0,88.0,5.58
xifeng,cn,43,125,10.74,86.0,76.0,5.33
shitanjing,cn,41,105,18.69,48.0,32.0,1.53
vesele,ua,47,35,13.09,62.0,20.0,5.43
bonga,et,7,36,15.49,100.0,64.0,0.53
iraucuba,br,-4,-40,23.04,96.0,36.0,1.43
annau,tm,38,59,15.0,72.0,75.0,4.1
sawtell,au,-32,160,23.0,64.0,75.0,5.1
enumclaw,us,47,-122,10.25,70.0,20.0,0.78
biloela,au,-25,150,24.99,62.0,0.0,3.93
macau,br,-3,-36,23.44,89.0,8.0,3.13
lanigan,ca,52,-105,8.44,77.0,88.0,9.28
okato,nz,-39,172,16.99,95.0,0.0,3.08
sinegorye,ru,64,151,-3.17,87.0,80.0,1.23
rudnya,ru,55,31,9.69,91.0,92.0,8.03
korhogo,ci,9,-6,25.79,85.0,0.0,4.13
mandalay,mm,22,96,33.0,49.0,40.0,3.6
olean,us,42,-78,5.07,47.0,1.0,1.13
mahina,pf,-15,-149,24.44,44.0,0.0,3.48
gemena,cd,3,20,20.84,94.0,0.0,0.88
guilin,cn,26,109,24.0,88.0,90.0,3.0
ambunti,pg,-5,142,25.29,100.0,92.0,1.08
terrasini,it,39,13,11.0,100.0,0.0,2.1
gulu,ug,3,32,19.54,92.0,44.0,1.78
ferrol,es,46,-10,11.45,93.0,64.0,1.5
kushima,jp,29,132,23.53,64.0,40.0,4.1
muroran,jp,42,141,13.0,62.0,75.0,3.1
znamenskoye,ru,58,74,-1.12,95.0,20.0,4.63
kargala,ru,52,55,7.39,79.0,36.0,5.38
berlin,us,45,-71,7.98,76.0,0.0,1.0
luancheng,cn,38,114,11.0,100.0,90.0,4.0
lowicz,pl,52,20,4.03,86.0,0.0,1.0
bad wildungen,de,51,9,11.72,87.0,0.0,2.6
sajanan,tn,38,9,13.47,93.0,20.0,1.5
hinton,ca,53,-117,1.29,46.0,64.0,3.98
cheyenne,us,41,-105,2.0,93.0,1.0,2.68
la sarre,ca,50,-79,-6.92,66.0,0.0,1.23
ngunguru,nz,-32,178,19.59,93.0,56.0,7.53
meadow lake,ca,58,-108,6.64,99.0,92.0,3.03
beauceville,ca,46,-71,-0.77,63.0,12.0,2.13
tokmak,kg,42,75,13.74,66.0,92.0,5.13
marondera,zw,-18,32,12.39,91.0,0.0,1.23
sovetskaya,ru,49,42,6.39,84.0,0.0,4.73
bandiagara,ml,14,-4,22.0,43.0,0.0,1.63
tula,mx,23,-100,4.79,82.0,48.0,9.33
lasem,id,-5,112,29.79,98.0,24.0,2.28
finnsnes,no,70,18,2.62,93.0,92.0,2.1
jiutai,cn,44,126,17.0,18.0,0.0,7.0
yelatma,ru,55,42,1.99,82.0,88.0,10.98
torquay,gb,50,-3,10.14,97.0,8.0,3.48
miami,us,37,-95,25.22,83.0,20.0,5.1
marzuq,ly,24,14,11.64,81.0,0.0,1.08
suruc,tr,36,39,9.0,93.0,40.0,2.6
mount barker,au,-35,139,24.0,53.0,0.0,4.1
camocim,br,-2,-41,24.69,93.0,48.0,1.98
katsuura,jp,22,149,24.0,44.0,0.0,3.1
togur,ru,60,83,5.49,99.0,92.0,5.33
bermeo,es,45,-3,15.17,59.0,20.0,1.0
yurla,ru,59,54,-3.92,73.0,88.0,6.28
karoi,zw,-17,30,18.34,69.0,44.0,2.43
ofunato,jp,38,143,21.0,37.0,0.0,1.5
villa literno,it,41,14,15.43,93.0,20.0,1.0
kamen-rybolov,ru,45,132,8.79,59.0,0.0,2.83
timberlake,us,37,-79,17.33,59.0,90.0,1.5
francistown,bw,-21,28,14.64,90.0,0.0,2.03
la union,mx,18,-102,20.59,94.0,56.0,0.98
ulu-telyak,ru,55,57,0.49,79.0,68.0,3.48
loutros,gr,41,26,10.0,66.0,0.0,1.0
staryy nadym,ru,68,73,-13.17,88.0,36.0,4.23
kostomuksha,ru,65,30,-6.47,81.0,12.0,1.78
durres,al,41,19,11.0,93.0,0.0,1.5
livramento,br,-14,-42,24.34,92.0,20.0,1.13
cheney,us,47,-118,9.41,45.0,1.0,6.2
sidhi,in,24,82,30.89,25.0,0.0,1.63
kibaya,tz,-5,37,17.0,100.0,75.0,2.1
sibolga,id,1,96,24.59,93.0,80.0,0.53
akcakoca,tr,41,31,0.24,85.0,0.0,1.08
verkhnetulomskiy,ru,68,32,-9.0,72.0,0.0,1.08
agadir,ma,31,-10,12.0,81.0,0.0,2.6
enterprise,us,31,-86,19.89,72.0,90.0,2.1
volokolamsk,ru,56,36,3.44,70.0,80.0,10.13
abidjan,ci,5,-4,27.0,83.0,20.0,2.1
ruiz,mx,22,-105,22.69,53.0,36.0,0.88
olga,ru,43,136,21.39,19.0,1.0,1.5
marmaris,tr,37,28,16.31,31.0,0.0,8.2
maniitsoq,gl,65,-55,-6.12,63.0,0.0,3.08
serebryansk,kz,49,83,18.0,27.0,0.0,7.0
elk point,ca,54,-111,5.0,100.0,90.0,6.7
kostino,ru,59,53,6.0,93.0,0.0,1.5
pembroke,ca,46,-77,0.0,73.0,1.0,1.08
ambanja,mg,-14,48,20.99,94.0,64.0,1.18
cockburn town,bs,25,-72,26.09,97.0,88.0,8.43
el terrero,hn,14,-87,14.39,24.0,92.0,0.98
millinocket,us,46,-69,2.0,59.0,1.0,1.5
santa luzia,br,-8,-47,18.49,72.0,0.0,3.1
zykovo,ru,54,45,2.09,82.0,88.0,13.78
benjamin constant,br,-5,-70,23.0,100.0,75.0,1.63
changli,cn,39,119,19.44,100.0,92.0,2.43
ashford,gb,51,1,12.04,87.0,0.0,2.6
chisinau,md,47,29,14.0,54.0,0.0,4.1
umba,ru,67,35,-7.37,84.0,24.0,1.13
pampa,us,36,-101,8.01,93.0,90.0,6.2
glendive,us,46,-104,11.41,50.0,1.0,5.7
sergeyevka,kz,53,68,-0.82,89.0,8.0,4.48
coffs harbour,au,-30,154,23.0,64.0,75.0,5.1
bijie,cn,27,105,21.94,74.0,68.0,1.63
rock hill,us,35,-81,11.81,53.0,1.0,2.38
castro daire,pt,41,-8,16.0,82.0,0.0,0.5
tres passos,br,-27,-54,21.24,82.0,24.0,1.43
aldan,ru,59,124,3.74,50.0,20.0,2.63
bolgar,ru,55,49,7.0,70.0,75.0,6.0
herat,af,35,63,15.0,58.0,40.0,1.5
kichmengskiy gorodok,ru,60,46,-1.22,76.0,92.0,8.18
alugan,ph,16,131,27.39,100.0,88.0,3.38
sernur,ru,57,49,7.09,92.0,92.0,9.68
nuevo laredo,mx,28,-100,25.0,65.0,1.0,2.1
inndyr,no,67,14,5.0,100.0,75.0,4.1
tuapse,ru,44,39,8.94,94.0,24.0,2.68
aldama,mx,23,-98,24.49,94.0,80.0,2.98
souillac,mu,-33,65,16.55,77.0,0.0,1.5
tabuk,sa,29,38,28.29,58.0,0.0,0.78
patrocinio,br,-19,-47,28.64,92.0,44.0,2.23
pokhara,np,31,85,20.99,55.0,0.0,1.08
tarauaca,br,-10,-71,23.69,94.0,56.0,1.13
two rivers,us,44,-87,4.39,55.0,1.0,3.03
kochi,in,10,76,29.0,83.0,75.0,1.83
barentu,er,16,38,22.34,61.0,0.0,1.38
sijunjung,id,-1,102,25.64,91.0,24.0,0.98
cabudare,ve,10,-69,21.34,92.0,44.0,1.33
north saint paul,us,45,-93,5.54,80.0,1.0,1.63
cilegon,id,-6,106,31.0,66.0,20.0,1.5
tanhacu,br,-14,-41,20.14,78.0,64.0,2.78
canakkale,tr,40,26,5.0,86.0,0.0,2.6
jamame,so,0,43,24.64,93.0,76.0,1.98
djibo,bf,14,-2,22.09,60.0,12.0,1.43
izazi,tz,-7,36,15.54,97.0,12.0,1.13
gumdag,tm,39,55,12.79,78.0,0.0,4.13
rovenki,ru,50,39,9.79,70.0,0.0,6.03
uch,pk,29,71,16.0,82.0,0.0,1.0
divnomorskoye,ru,44,38,9.34,85.0,12.0,3.93
sigulda,lv,57,25,4.0,93.0,0.0,1.5
mount isa,au,-24,138,33.0,22.0,0.0,4.6
redcliffe,zw,-19,29,12.38,76.0,12.0,2.6
hansi,in,29,76,25.14,32.0,0.0,3.83
mangit,uz,42,60,17.0,45.0,0.0,1.38
mao,td,16,16,24.02,100.0,75.0,2.1
petropavl,kz,55,69,-1.0,92.0,90.0,5.0
heihe,cn,51,127,12.0,13.0,0.0,2.0
mirzapur,bd,24,90,30.49,32.0,0.0,1.98
kamyshla,ru,54,52,4.44,69.0,92.0,8.18
lander,us,43,-109,11.15,31.0,1.0,1.5
andujar,es,38,-4,12.59,96.0,12.0,2.88
peachland,ca,50,-120,10.5,37.0,90.0,6.7
seredka,ru,58,28,-0.87,94.0,92.0,12.68
robertson,za,-34,20,3.34,83.0,8.0,0.88
kisesa,tz,-3,34,19.09,100.0,92.0,0.98
magistralnyy,ru,56,107,9.99,53.0,32.0,2.53
sao jose da coroa grande,br,-11,-30,22.54,100.0,92.0,2.58
falmouth,gb,50,-5,9.0,100.0,90.0,1.0
safranbolu,tr,42,33,0.79,91.0,0.0,0.98
birr,ie,53,-8,8.79,99.0,92.0,4.03
temple,us,31,-97,16.75,93.0,75.0,7.7
xai-xai,mz,-27,36,22.39,100.0,76.0,1.53
pemba,mz,-12,41,22.0,94.0,20.0,3.1
narnaul,in,28,76,25.54,24.0,0.0,2.08
mouila,ga,-2,11,22.34,93.0,20.0,1.03
cumpas,mx,30,-110,19.99,26.0,92.0,0.98
alliance,us,41,-81,4.0,93.0,90.0,3.1
sobinka,ru,56,40,0.94,84.0,88.0,13.43
alta floresta,br,-10,-57,23.39,95.0,20.0,0.88
palanga,lt,56,21,10.94,78.0,0.0,3.13
kaoma,zm,-15,25,16.84,67.0,0.0,2.88
enid,us,36,-98,7.69,100.0,90.0,5.1
jaguarao,br,-33,-53,19.94,96.0,68.0,2.53
huadian,cn,43,127,12.99,56.0,0.0,4.23
balila,ph,8,125,12.0,87.0,40.0,4.1
san pedro buenavista,mx,16,-93,16.59,87.0,24.0,0.63
abapo,bo,-19,-63,20.69,69.0,0.0,1.58
betare oya,cm,6,14,20.74,92.0,12.0,2.33
rokytne,ua,51,27,7.19,63.0,0.0,4.33
gornja koprivna,ba,45,16,8.19,68.0,0.0,1.08
mestia,ge,43,43,-8.37,98.0,48.0,0.53
karasburg,na,-28,18,7.99,62.0,0.0,1.53
anuradhapura,lk,8,80,28.59,85.0,12.0,2.43
torbat-e jam,ir,35,60,10.74,53.0,92.0,1.28
bandar-e lengeh,ir,26,55,25.0,88.0,0.0,4.1
burley,us,42,-114,12.65,43.0,1.0,4.1
almeria,es,36,-2,21.0,37.0,0.0,3.1
kambove,cd,-11,26,13.64,70.0,0.0,2.13
sun valley,us,40,-120,9.53,30.0,5.0,4.1
palmas,br,-10,-48,26.04,61.0,36.0,2.68
fethiye,tr,36,29,16.0,31.0,0.0,8.2
tashla,ru,52,53,7.0,81.0,40.0,13.0
playas,ec,-3,-81,23.29,84.0,36.0,3.18
willemstad,an,12,-69,12.61,71.0,90.0,2.1
kabanjahe,id,3,98,24.09,91.0,56.0,1.13
contai,in,21,88,30.99,83.0,24.0,9.43
biaora,in,24,77,29.09,19.0,0.0,2.38
cayhagan,ph,9,121,29.84,88.0,8.0,1.58
maumere,id,-7,123,30.29,96.0,8.0,4.18
distraccion,co,11,-73,23.84,75.0,76.0,0.88
kraslava,lv,56,27,6.24,66.0,0.0,7.63
corning,us,42,-77,2.0,59.0,1.0,1.18
zilair,ru,52,57,-0.27,92.0,48.0,2.33
vorchdorf,at,48,14,11.0,81.0,0.0,1.5
khirkiya,in,22,77,30.09,20.0,0.0,1.43
nata,bw,-20,26,15.63,58.0,20.0,5.7
beberibe,br,-4,-38,28.0,83.0,75.0,3.6
hennenman,za,-28,27,6.54,82.0,0.0,1.28
mariestad,se,59,14,0.0,88.0,0.0,0.5
kui buri,th,12,100,33.0,59.0,20.0,2.1
basudebpur,in,21,87,31.09,85.0,0.0,6.48
rabat,ma,34,-7,12.0,87.0,20.0,1.5
valvedditturai,lk,10,80,29.19,96.0,12.0,3.88
korgen,no,66,14,1.0,100.0,92.0,0.5
glubokiy,ru,45,41,11.69,87.0,44.0,5.43
turangi,nz,-39,176,12.39,82.0,0.0,2.23
dinar,tr,38,30,1.35,100.0,0.0,6.2
srednebelaya,ru,51,128,12.0,13.0,0.0,2.0
manzanillo,mx,18,-105,24.64,100.0,32.0,4.03
suileng,cn,47,127,12.54,79.0,0.0,2.08
plouzane,fr,47,-7,10.99,93.0,0.0,2.1
bada,ru,51,110,26.19,64.0,20.0,4.58
turbat,pk,27,64,21.14,36.0,0.0,1.28
kuminskiy,ru,59,67,-4.07,72.0,12.0,1.58
mazara del vallo,it,37,12,11.0,100.0,0.0,2.1
puerto baquerizo moreno,ec,4,-88,25.84,98.0,80.0,3.23
herrin,us,38,-89,16.48,29.0,90.0,5.7
hobart,au,-87,145,21.0,49.0,20.0,3.6
ndjole,ga,0,11,22.99,95.0,20.0,1.68
rastolita,ro,47,25,3.59,86.0,0.0,1.18
gadsden,us,34,-86,18.2,59.0,90.0,2.1
masindi,ug,2,32,18.84,95.0,56.0,1.88
severo-yeniseyskiy,ru,61,94,6.44,97.0,88.0,4.63
sungairaya,id,1,107,28.54,88.0,36.0,1.48
henderson,us,32,-95,25.83,20.0,1.0,3.6
camopi,gf,2,-54,23.49,98.0,20.0,1.23
haldia,in,22,88,32.59,71.0,32.0,5.53
patacamaya,bo,-17,-68,0.74,89.0,20.0,1.53
bodden town,ky,19,-81,27.0,83.0,20.0,4.6
chhabra,in,25,77,27.54,18.0,0.0,2.43
istisu,az,40,46,5.59,96.0,92.0,1.23
claveria,ph,19,121,27.79,84.0,8.0,1.28
abnub,eg,26,26,16.0,77.0,0.0,8.2
kyabram,au,-36,145,23.04,77.0,0.0,1.88
cidreira,br,-37,-44,21.44,91.0,12.0,2.88
conguaco,gt,14,-90,26.24,76.0,0.0,1.13
codo,br,-5,-44,28.49,93.0,12.0,3.83
tignere,cm,8,12,17.99,93.0,44.0,1.33
oga,jp,41,137,24.04,96.0,64.0,4.13
shar,kz,49,82,24.79,92.0,56.0,5.08
lohja,fi,60,24,5.0,75.0,0.0,3.1
antalaha,mg,-16,52,24.49,100.0,92.0,2.58
pindiga,ng,10,11,25.69,70.0,0.0,4.33
nortelandia,br,-14,-57,21.59,85.0,8.0,1.33
manzhouli,cn,48,117,13.79,33.0,20.0,2.88
bahir dar,et,12,36,15.59,46.0,64.0,2.03
troitskoye,ru,53,85,14.34,48.0,0.0,3.93
hecelchakan,mx,20,-90,29.0,74.0,40.0,3.93
svencioneliai,lt,55,26,5.44,71.0,24.0,5.53
lapeer,us,43,-83,6.0,48.0,1.0,2.13
ghauspur,pk,28,69,25.0,38.0,0.0,4.1
almaty,kz,43,77,15.0,51.0,20.0,2.0
petrivka,ua,47,31,12.54,70.0,0.0,5.28
biu,ng,11,12,21.79,65.0,8.0,2.18
kluczbork,pl,51,18,6.94,68.0,0.0,1.33
seka,th,18,104,16.09,81.0,64.0,0.83
cabo rojo,us,17,-68,25.34,100.0,24.0,5.78
cua,ve,10,-67,25.0,83.0,40.0,1.5
eura,fi,61,22,4.0,80.0,80.0,6.2
papetoai,pf,-17,-150,28.0,74.0,40.0,4.1
cabanbanan,ph,10,123,30.09,71.0,12.0,1.43
martin,sk,49,19,19.0,37.0,1.0,3.83
orlovskiy,ru,51,115,8.09,63.0,8.0,7.73
vershino-darasunskiy,ru,53,116,14.04,53.0,0.0,2.08
laje,br,-10,-41,19.09,88.0,32.0,2.78
boffa,gn,10,-14,22.29,96.0,0.0,2.08
nevelsk,ru,47,141,7.0,65.0,40.0,3.0
verkhoyansk,ru,66,132,-1.47,69.0,48.0,2.13
rosetta,eg,33,31,18.0,59.0,40.0,4.1
leverkusen,de,51,7,12.22,76.0,0.0,1.5
rafina,gr,38,24,9.61,61.0,0.0,2.1
raduzhnyy,ru,60,50,-12.32,82.0,0.0,2.33
chimoio,mz,-19,34,19.0,100.0,76.0,1.0
dawlatabad,af,37,65,18.89,50.0,64.0,1.98
ordubad,az,39,46,6.0,93.0,90.0,1.0
kampene,cd,-4,26,19.84,99.0,92.0,1.08
prince albert,ca,54,-106,7.0,87.0,90.0,3.6
podor,sn,17,-15,22.0,53.0,0.0,2.1
rikitea,pf,-67,-137,26.09,100.0,92.0,3.78
constanza,do,19,-71,23.0,100.0,75.0,2.1
wanaka,nz,-45,169,13.29,34.0,0.0,1.18
sa kaeo,th,14,102,30.79,78.0,48.0,2.98
amasya,tr,41,36,-1.0,86.0,0.0,0.38
megion,ru,60,76,-7.0,62.0,0.0,2.0
cutro,it,39,17,10.0,93.0,0.0,2.1
graaff-reinet,za,-32,24,7.59,64.0,0.0,1.23
ureki,ge,42,41,8.47,93.0,40.0,3.6
kerema,pg,-9,146,26.69,92.0,80.0,1.43
mantenopolis,br,-19,-41,18.79,77.0,48.0,3.43
dmytrivka,ua,46,29,8.36,61.0,0.0,3.0
yumen,cn,39,94,13.39,45.0,88.0,3.03
dayong,cn,29,111,28.39,97.0,20.0,6.43
buraydah,sa,25,41,24.0,57.0,48.0,5.1
north branch,us,46,-93,3.75,51.0,40.0,2.78
nkhotakota,mw,-13,34,21.59,91.0,68.0,2.53
saint-jean-de-braye,fr,48,2,12.93,87.0,0.0,2.1
porbandar,in,19,67,26.89,77.0,0.0,4.08
carmarthen,gb,52,-4,11.0,93.0,12.0,3.6
macheng,cn,31,115,20.49,100.0,92.0,1.93
diosjeno,hu,48,19,5.0,100.0,0.0,1.0
batagay-alyta,ru,68,127,-5.52,81.0,48.0,1.53
kandi,in,24,88,25.99,56.0,0.0,3.58
bitung,id,2,126,29.0,74.0,40.0,3.1
orocue,co,5,-71,22.54,97.0,80.0,1.38
springfield,us,37,-87,13.0,76.0,90.0,2.6
terrace,ca,58,-129,5.0,80.0,75.0,6.7
cazones,mx,21,-97,25.64,87.0,0.0,6.48
along,in,30,94,16.59,98.0,100.0,0.73
bataipora,br,-22,-53,20.29,80.0,8.0,1.28
watari,jp,38,141,25.0,23.0,0.0,4.6
