Compound,Date,Negative,Neutral,Positive,Tweet Text,Tweets Ago,User
0.0,2018-04-29 02:22:59+00:00,1.0,0.0,0.0,@CNN Shouldn‚Äôt that read‚Äù Trump skips event AGAIN???‚Äù #CadetBoneSpurs https://t.co/DbwUbaz8KI,1,@CNN
-0.883,2018-04-29 02:22:59+00:00,0.593,0.407,0.0,"@CNN Worst is now that your really being called out for fake news, you people are now crying.",2,@CNN
-0.527,2018-04-29 02:22:58+00:00,0.677,0.226,0.098,"RT @kazweida: Dear @CNN ,

Stop sending me notifications about the nationalist bullshit our banana republic dictator is spouting to a sea o‚Ä¶",3,@CNN
-0.318,2018-04-29 02:22:58+00:00,0.901,0.099,0.0,"RT @CNN: More women sign up to defend former ""NBC Nightly News"" anchor Tom Brokaw and tension in NBC grows https://t.co/xsI2Rmlz2F https://‚Ä¶",4,@CNN
0.44,2018-04-29 02:22:58+00:00,0.734,0.0,0.266,@CNN Not funny and not inspiring‚Äî just saying @SpeakerRyan,5,@CNN
0.318,2018-04-29 02:22:57+00:00,0.303,0.0,0.697,@CNN üôÑ please,6,@CNN
0.506,2018-04-29 02:22:56+00:00,0.654,0.106,0.24,@CNNTonight  @cnn #WHCD These awards on stories of a drama-filled Trump Presidency is really odd  and stunning to w‚Ä¶ https://t.co/eVUfXh7Q2f,7,@CNN
-0.273,2018-04-29 02:22:56+00:00,0.792,0.208,0.0,@CNN Somebody tell this woman to drop the mic.,8,@CNN
0.0,2018-04-29 02:22:56+00:00,1.0,0.0,0.0,@CNN ü§¶üèº‚Äç‚ôÄÔ∏èWow. He is just deplorable.,9,@CNN
0.555,2018-04-29 02:22:56+00:00,0.648,0.112,0.241,"@CNN Lol!Sure #maga, give the poor man a medal. It's what he really cares about over&amp;above all else. He needs adula‚Ä¶ https://t.co/Gq9sl93Dzl",10,@CNN
0.0,2018-04-29 02:22:56+00:00,1.0,0.0,0.0,@Europarl_EN; @EUCouncil; @EU_Commission;; @OHCHR_Europe; @raad_zeid; @jeremycorbyn; @RealJamesWoods; @WLTaskForce;‚Ä¶ https://t.co/w505P9nsAY,11,@CNN
0.511,2018-04-29 02:22:55+00:00,0.699,0.0,0.301,@CNN Only matters to the self absorbed media. Real Americans don‚Äôt care.,12,@CNN
-0.153,2018-04-29 02:22:55+00:00,0.942,0.058,0.0,"RT @CNN: ""We are not a people that should be confronting each other ... we should be living in unity,"" said Kim Jong Un. ""We have long wait‚Ä¶",13,@CNN
0.0,2018-04-29 02:22:55+00:00,1.0,0.0,0.0,@CNN  https://t.co/Kgx8IfQZkC,14,@CNN
0.0,2018-04-29 02:22:54+00:00,1.0,0.0,0.0,@BBCNews @BBCWorld @SkyNews @SkyNewsBreak @Channel4News @Channel5Press @RTUKnews @RT_com @itvnews @Reuters @cnnbrk‚Ä¶ https://t.co/t110JHBxwG,15,@CNN
0.0,2018-04-29 02:22:54+00:00,1.0,0.0,0.0,RT @ChetPowell: @CNN https://t.co/2Qd2MrskHp,16,@CNN
0.778,2018-04-29 02:22:53+00:00,0.755,0.0,0.245,"RT @CNN: ""Daily Show"" comedian Hasan Minhaj spoke at the White House correspondents' dinner last year. Here's a look back at his best jokes‚Ä¶",17,@CNN
0.511,2018-04-29 02:22:53+00:00,0.712,0.082,0.206,"RT @hollymdavis: .@joanwalsh thank you for saying ""let me finish"" when you where interrupted. My 9 yr old daughter is watching. :)  #rolemo‚Ä¶",18,@CNN
0.402,2018-04-29 02:22:53+00:00,0.828,0.0,0.172,@EmmanuelOrtegaZ @CNN @realDonaldTrump @Acosta @VicenteFoxQue @washingtonpost @nytimes Kind of wish that eagle woul‚Ä¶ https://t.co/VQF61SOYpi,19,@CNN
0.493,2018-04-29 02:22:53+00:00,0.842,0.0,0.158,@realDonaldTrump @FoxNews .@CNN had good coverage of both events! Even .@FoxNews had to take breaks from our‚Ä¶ https://t.co/ZGBze9JeKa,20,@CNN
-0.477,2018-04-29 02:22:53+00:00,0.763,0.237,0.0,@CNN @CNNPolitics The media is unfair to potus.  Americans are blind/deaf,21,@CNN
0.567,2018-04-29 02:22:53+00:00,0.623,0.121,0.255,"@CNN @CNNOpinion WOW, IM NOT A DEMOCRAT OR REPUBLICAN BUT THIS MAN IS ALWAYS COMPLAINING ABOUT THE SYSTEM GIVING MO‚Ä¶ https://t.co/EpTBzBd2CZ",22,@CNN
0.784,2018-04-29 02:22:53+00:00,0.42,0.0,0.58,"@CNN ""Don't worry, we'll find love SOMEDAY!""",23,@CNN
0.835,2018-04-29 02:22:52+00:00,0.682,0.0,0.318,RT @CNN: ‚ÄúIs this better than that phony Washington White House Correspondents‚Äô Dinner? ... I could be up there tonight smiling like I love‚Ä¶,24,@CNN
0.0,2018-04-29 02:22:52+00:00,1.0,0.0,0.0,@CNN  https://t.co/39gBXdJZIz,25,@CNN
-0.735,2018-04-29 02:22:51+00:00,0.772,0.228,0.0,"RT @CNN: ""An attack on any journalist is an attack on us all,"" says Margaret Talev, president of the White House Correspondents' Associatio‚Ä¶",26,@CNN
0.0,2018-04-29 02:22:51+00:00,1.0,0.0,0.0,"RT @CNN: ""US presidents have attended this dinner nearly every year since Calvin Coolidge's days. And that's a tradition we believe will wi‚Ä¶",27,@CNN
0.0,2018-04-29 02:22:50+00:00,1.0,0.0,0.0,@thisbadassjo1 @CNN Lol.. We didn‚Äôt need Russia or the NRA to tell us Hillary is a crook https://t.co/DEU3WeG11P,28,@CNN
-0.959,2018-04-29 02:22:49+00:00,0.526,0.474,0.0,RT @mamendoza480: @CNN Too bad you never want to hear the stories of your fellow Americans killed by ILLEGAL ALIENS.  My son killed by a re‚Ä¶,29,@CNN
-0.735,2018-04-29 02:22:49+00:00,0.772,0.228,0.0,"RT @CNN: ""An attack on any journalist is an attack on us all,"" says Margaret Talev, president of the White House Correspondents' Associatio‚Ä¶",30,@CNN
-0.741,2018-04-29 02:22:49+00:00,0.718,0.282,0.0,"RT @happyloner: @CNN Fucking clown.  Shame on us as a country for allowing this deranged fool to become ""President"".",31,@CNN
-0.7,2018-04-29 02:22:49+00:00,0.72,0.231,0.049,RT @anamcmoran: I don‚Äôt want to hear that bigot @realdonaldtrump in #michigan Hate is his doctrine! Cut it out @CNN #MSNBCLIVE @MSNBC Bigot‚Ä¶,32,@CNN
-0.294,2018-04-29 02:22:48+00:00,0.886,0.114,0.0,"RT @SparkleSoup45: üí•MEDIA SILENT on Lawsuit Alleging Major Clinton Campaign Finance Law Violations!üí•

Whatsamatter MSM?
THIS isn't newswort‚Ä¶",33,@CNN
0.0,2018-04-29 02:22:48+00:00,1.0,0.0,0.0,"RT @CNN: ""The Daily Show"" contributor Michelle Wolf is hosting tonight's White House correspondents' dinner. Here are four things you shoul‚Ä¶",34,@CNN
-0.477,2018-04-29 02:22:47+00:00,0.721,0.279,0.0,@CNN I guess you were wrong due to unforeseen circumstances,35,@CNN
0.0,2018-04-29 02:22:45+00:00,1.0,0.0,0.0,@djb799 @mfrohlichman @CNN Exactly Dave!,36,@CNN
0.542,2018-04-29 02:22:44+00:00,0.704,0.085,0.211,@tedlieu seems to be touting for a job at @CNN ... fits their narrative perfectly ....idiot https://t.co/bGhxYm6dLk,37,@CNN
0.0,2018-04-29 02:22:44+00:00,1.0,0.0,0.0,"RT @CNN: ""US presidents have attended this dinner nearly every year since Calvin Coolidge's days. And that's a tradition we believe will wi‚Ä¶",38,@CNN
-0.402,2018-04-29 02:22:44+00:00,0.695,0.205,0.1,@JordanSchachtel @Cernovich Why does all media have their head in the sand and refuse to accept they are fake? They‚Ä¶ https://t.co/JGXWbMdG6j,39,@CNN
-0.735,2018-04-29 02:22:43+00:00,0.772,0.228,0.0,"RT @CNN: ""An attack on any journalist is an attack on us all,"" says Margaret Talev, president of the White House Correspondents' Associatio‚Ä¶",40,@CNN
0.0,2018-04-29 02:22:43+00:00,1.0,0.0,0.0,"@CNN ÎÇòÎùºÍº¥ÏùÑ Ïù¥ ÏßÄÍ≤ΩÏúºÎ°ú ÎßåÎì§Ïñ¥ ÎÜìÍ≥† Î¨¥ÏóáÏù¥ ÏûòÎÇ¨Îã§Í≥† ÏÉàÎπ®Í∞Ñ Í±∞ÏßìÎßêÍ≥º, Ï°∞ÏûëÍ≥º, Íµ≠ÎØºÏùÑ Î∞∞Ïã†Ìïú Ï†ïÏπòÎ•º ÌïòÏòÄÏúºÎ©¥ÏÑú, Ïñ¥Ï∞å Ïò≥ÏùÄ ÏÜåÎ¶¨ÌïòÎäî Ï†ïÏπòÏù∏ÏóêÍ≤å Î∞∞Ïã†Ïùò Ï†ïÏπòÎùºÍ≥† Îí§ÏßëÏñ¥ÏîåÏö∞Í≥† ÏûàÎäîÍ∞Ä ÎßêÏù¥Îã§.!!!!!!‚Ä¶ https://t.co/CUCElNYNgr",41,@CNN
-0.735,2018-04-29 02:22:43+00:00,0.78,0.22,0.0,"RT @drturpin: Retweeted CNN (@CNN):

""An attack on any journalist is an attack on us all,"" says Margaret Talev, president of the White Hous‚Ä¶",42,@CNN
0.778,2018-04-29 02:22:42+00:00,0.755,0.0,0.245,"RT @CNN: ""Daily Show"" comedian Hasan Minhaj spoke at the White House correspondents' dinner last year. Here's a look back at his best jokes‚Ä¶",43,@CNN
-0.226,2018-04-29 02:22:41+00:00,0.909,0.091,0.0,RT @StayWoke_____: @BushallSam1 @affan_imran @TheRickWilson I‚Äôm with you on that. This is one of the reasons I stopped watching @CNN - ppl‚Ä¶,44,@CNN
0.0,2018-04-29 02:22:37+00:00,1.0,0.0,0.0,@judithnwana @LumSSN @EmmanuelMacron @RepLeeZeldin @ChrisCoons @_AfricaTimes‚Ä¶ https://t.co/PQKZgz9iQo,45,@CNN
0.0,2018-04-29 02:22:37+00:00,1.0,0.0,0.0,@CNN First amendment is outdated. Common sense media control now,46,@CNN
0.153,2018-04-29 02:22:36+00:00,0.286,0.314,0.4,@CNN Lol no bruh,47,@CNN
-0.736,2018-04-29 02:22:36+00:00,0.326,0.674,0.0,@CNN What a scared little shit.,48,@CNN
0.875,2018-04-29 02:22:36+00:00,0.6,0.0,0.4,RT @susancandiotti: Congrats to Merriman Smith Award 2018 broadcast deadline winners @jaketapper @evanperez @jimsciutto and @CNN team prese‚Ä¶,49,@CNN
-0.202,2018-04-29 02:22:36+00:00,0.652,0.17,0.178,@frankthecoach @CNN Wishing death on fellow Americans because they don‚Äôt share your ideology? That mentality has no‚Ä¶ https://t.co/BbAqohCCxS,50,@CNN
0.0,2018-04-29 02:22:36+00:00,1.0,0.0,0.0,"RT @CNN: ""US presidents have attended this dinner nearly every year since Calvin Coolidge's days. And that's a tradition we believe will wi‚Ä¶",51,@CNN
0.44,2018-04-29 02:22:35+00:00,0.868,0.0,0.132,@CNN Good for President Trump. These so-called reporters should just go to McDonald's and color the place mats. MAY‚Ä¶ https://t.co/xMlbPUThPZ,52,@CNN
-0.026,2018-04-29 02:22:34+00:00,0.579,0.212,0.209,"@KB805 @CNN Hitler‚Äôs psychosis made him stupid, too.  He destroyed so much, and wasn‚Äôt smart enough to win in the e‚Ä¶ https://t.co/UeczJ4a1IH",53,@CNN
0.103,2018-04-29 02:22:33+00:00,0.725,0.13,0.145,"RT @RAMRANTS: Why are CNN employees threatening other journalists ‚Äî mafia style ‚Äî over the reporting of Joy Reid‚Äôs *proven* lie?

‚ÄúYou don‚Äô‚Ä¶",54,@CNN
0.0,2018-04-29 02:22:31+00:00,1.0,0.0,0.0,@CNN Why on earth can‚Äôt you just tell her what the entire world wants you to tell her?????,55,@CNN
0.784,2018-04-29 02:22:30+00:00,0.67,0.0,0.33,"""Breaking news at its best."" ~ Merriman Smith Award ü•ájudges | Congrats to @CNN‚Äôs @jaketapper @evanperez @jimsciutto‚Ä¶ https://t.co/Ygz1o4bIf4",56,@CNN
-0.885,2018-04-29 02:22:30+00:00,0.437,0.47,0.093,"Trumpsters aren't ppl suffering economic woes, they're just racist assholes. Democrats need to stop believing this‚Ä¶ https://t.co/tIiX2P90a4",57,@CNN
-0.318,2018-04-29 02:22:29+00:00,0.897,0.103,0.0,"@CNN the accusations were from long, long ago, in a totally different environment for that sort of thing, so even i‚Ä¶ https://t.co/p8KNbeBsrs",58,@CNN
0.296,2018-04-29 02:22:29+00:00,0.891,0.0,0.109,"RT @BrianPaulStuart: .@CNN:
Your decision to have #Trump sycophant @ParisDennard join your WH #CorrespondentsDinner panel is making for a h‚Ä¶",59,@CNN
-0.382,2018-04-29 02:22:28+00:00,0.867,0.133,0.0,@CNN Breaking: Due to the hostile environment the ‚Äújournalists ‚Äú in Washington have caused ... President Trump has‚Ä¶ https://t.co/HX5Q5GX4gj,60,@CNN
0.0,2018-04-29 02:22:28+00:00,1.0,0.0,0.0,@CNN  https://t.co/pSYa0AshvO,61,@CNN
0.625,2018-04-29 02:22:27+00:00,0.805,0.0,0.195,"RT @CNN: ""Cheers to the First Amendment,"" says House Speaker Paul Ryan in a video that starts with light-hearted jokes, and ends with a toa‚Ä¶",62,@CNN
0.586,2018-04-29 02:22:27+00:00,0.714,0.0,0.286,Unbelievable tht @whoa awards LYING‚Äô @CNN #jaketapper &amp;team4 their‚Äùscoop onDossier&amp;tht#Trump was briefed asPres.-el‚Ä¶ https://t.co/zsLXYhaWDk,63,@CNN
0.272,2018-04-29 02:22:26+00:00,0.686,0.126,0.188,So glad to see this. There were no reports @CNN @MSNBC of course https://t.co/p3tMSnjaxf,64,@CNN
0.0,2018-04-29 02:22:25+00:00,1.0,0.0,0.0,@CNN Boohoo! Boohoo!  #Triggered https://t.co/yvZeQrISXF,65,@CNN
-0.751,2018-04-29 02:22:25+00:00,0.775,0.225,0.0,@CNN Go for it. Tell all. We can‚Äôt wait. All bluster Trump. A weak link. Someone needs to put a boot up your ass an‚Ä¶ https://t.co/t2LIpyqmHv,66,@CNN
-0.735,2018-04-29 02:22:24+00:00,0.772,0.228,0.0,"RT @CNN: ""An attack on any journalist is an attack on us all,"" says Margaret Talev, president of the White House Correspondents' Associatio‚Ä¶",67,@CNN
0.417,2018-04-29 02:22:24+00:00,0.872,0.0,0.128,RT @CynicalPublius: You nitwits at @CNN really should pause for a moment and wonder why most Americans agree wholeheartedly with @realDonal‚Ä¶,68,@CNN
-0.052,2018-04-29 02:22:24+00:00,0.704,0.115,0.181,@CNN You will attack him for doing Well things for the country. I would hop into a pond to escape demonization. Liberals are silly people,69,@CNN
0.0,2018-04-29 02:22:22+00:00,1.0,0.0,0.0,"RT @CNN: Former White House Communications Director Anthony Scaramucci says President Trump ""probably has a conflicted view of the media at‚Ä¶",70,@CNN
0.625,2018-04-29 02:22:22+00:00,0.805,0.0,0.195,"RT @CNN: ""Cheers to the First Amendment,"" says House Speaker Paul Ryan in a video that starts with light-hearted jokes, and ends with a toa‚Ä¶",71,@CNN
0.0,2018-04-29 02:22:22+00:00,1.0,0.0,0.0,"Exactly! What say u, @DNC @HillaryClinton @CNN @MSNBC @ABC @CBS @nbc @nytimes @washingtonpost @NewYorker??? @POTUS‚Ä¶ https://t.co/Gf545TUq5B",72,@CNN
0.318,2018-04-29 02:22:21+00:00,0.887,0.0,0.113,"RT @cactuspete: @DeniseMichael69 @KyleKashuv @IngaZorin111 Curious how you don‚Äôt apply the same standards to @davidhogg111 , you know him ,‚Ä¶",73,@CNN
-0.735,2018-04-29 02:22:21+00:00,0.772,0.228,0.0,"RT @CNN: ""An attack on any journalist is an attack on us all,"" says Margaret Talev, president of the White House Correspondents' Associatio‚Ä¶",74,@CNN
0.0,2018-04-29 02:22:21+00:00,1.0,0.0,0.0,@CNN Î∞ïÍ∑ºÌòú Ï†Ñ ÎåÄÌÜµÎ†π ÏûÑÍ∏∞ ÎèôÏïà ÏπúÎ∞ïÍ≥º ÌñâÏ†ïÏõêÎì§ÏùÄ ÎÑàÌù¨Îì§ Í∑∏ ÎçîÎü¨Ïö¥ ÏñëÏã¨ÏùÑ Îì§Ïó¨Îã§ Î≥¥ÏïÑÎûÄ ÎßêÏù¥Îã§. ÎÇòÎùºÍº¥ÏùÑ Ïñ¥ÎñªÍ≤å ÎßåÎì§Ïñ¥ ÎÜìÏïòÎäîÏßÄ ÎßêÏù¥Îã§.!!!!!!!https://t.co/OOybFxDXre ‚Ä¶ +Ïã§‚Ä¶ https://t.co/quGE73jGEl,75,@CNN
0.0,2018-04-29 02:22:21+00:00,1.0,0.0,0.0,RT @Thelast_try: @CNN Ryan barely flinched when he said it,76,@CNN
-0.511,2018-04-29 02:22:21+00:00,0.677,0.227,0.096,@Magicman613 @lysine69 @CNN Poor misinformed man.. The money giving to Iran was their own money frozen in US banks‚Ä¶ https://t.co/qbRUGhArRS,77,@CNN
0.0,2018-04-29 02:22:19+00:00,1.0,0.0,0.0,"RT @CNN: The crowd in Washington Township, Michigan, chants ""Nobel! Nobel!"" as President Trump talks North Korea https://t.co/pJhuHcdHYU ht‚Ä¶",78,@CNN
-0.052,2018-04-29 02:22:19+00:00,0.798,0.105,0.097,RT @almostjingo: The same week @CNN @MSNBC @maddow @ABC @CBSNews smear a Veteran and @USNavy Admiral based on fabricated and unverified acc‚Ä¶,79,@CNN
0.402,2018-04-29 02:22:19+00:00,0.649,0.0,0.351,"@CNN Yes, confirms you are #veryfakenews",80,@CNN
0.202,2018-04-29 02:22:19+00:00,0.793,0.09,0.117,RT @VABVOX: Imagining how upset Trump will be at @CNN winning for breaking the story of Trump being compromised by Russia makes it extra sw‚Ä¶,81,@CNN
-0.769,2018-04-29 02:22:19+00:00,0.73,0.27,0.0,@0ddteen @CNN @realDonaldTrump He was never invited!! Honestly he haven't been right since his mother died. If he h‚Ä¶ https://t.co/AW14X4rJgi,82,@CNN
0.0,2018-04-29 02:22:18+00:00,1.0,0.0,0.0,RT @asmaquaw: @CNN Kanye gets it https://t.co/h4pklxZL1s,83,@CNN
0.778,2018-04-29 02:22:18+00:00,0.755,0.0,0.245,"RT @CNN: ""Daily Show"" comedian Hasan Minhaj spoke at the White House correspondents' dinner last year. Here's a look back at his best jokes‚Ä¶",84,@CNN
0.0,2018-04-29 02:22:17+00:00,1.0,0.0,0.0,@CNN The rhino went?,85,@CNN
0.0,2018-04-29 02:22:16+00:00,1.0,0.0,0.0,@CNN I know you guys don't read twitter replies but for hell's sake maybe you should've thought about this when you‚Ä¶ https://t.co/fyogD5arz1,86,@CNN
0.0,2018-04-29 02:22:16+00:00,1.0,0.0,0.0,@CNN He is not a real president....no biggy!,87,@CNN
-0.527,2018-04-29 02:22:15+00:00,0.677,0.226,0.098,"RT @kazweida: Dear @CNN ,

Stop sending me notifications about the nationalist bullshit our banana republic dictator is spouting to a sea o‚Ä¶",88,@CNN
0.0,2018-04-29 02:22:14+00:00,1.0,0.0,0.0,"Priceless.
@CNN @MSNBC @ABC @CBSNews @NBCNews https://t.co/qEMU65nCW3",89,@CNN
0.0,2018-04-29 02:22:13+00:00,1.0,0.0,0.0,"RT @CNN: JUST IN: Newly published emails indicate that Natalia Veselnitskaya, the Russian lawyer who met with Trump campaign associates in‚Ä¶",90,@CNN
0.0,2018-04-29 02:22:13+00:00,1.0,0.0,0.0,@CNN Ryan barely flinched when he said it,91,@CNN
-0.178,2018-04-29 02:22:12+00:00,0.747,0.139,0.114,RT @CNN: This is the moment Moon Jae-in and Kim Jong Un signed an agreement pledging to end the Korean War https://t.co/9kd0mpKc6B https://‚Ä¶,92,@CNN
0.0,2018-04-29 02:22:11+00:00,1.0,0.0,0.0,"RT @CNN: ""US presidents have attended this dinner nearly every year since Calvin Coolidge's days. And that's a tradition we believe will wi‚Ä¶",93,@CNN
0.422,2018-04-29 02:22:11+00:00,0.891,0.0,0.109,"RT @wkamaubell: In this clip from tomorrow night's season premiere of United Shades of America, I explain in less than 30 seconds why you c‚Ä¶",94,@CNN
-0.527,2018-04-29 02:22:11+00:00,0.677,0.226,0.098,"RT @kazweida: Dear @CNN ,

Stop sending me notifications about the nationalist bullshit our banana republic dictator is spouting to a sea o‚Ä¶",95,@CNN
0.0,2018-04-29 02:22:10+00:00,1.0,0.0,0.0,@CNN  https://t.co/JsgxTh9jMN,96,@CNN
-0.527,2018-04-29 02:22:10+00:00,0.677,0.226,0.098,"RT @kazweida: Dear @CNN ,

Stop sending me notifications about the nationalist bullshit our banana republic dictator is spouting to a sea o‚Ä¶",97,@CNN
-0.422,2018-04-29 02:22:10+00:00,0.882,0.118,0.0,RT @Liberty4Life73: @RealJamesWoods @mkraju @CNN Secret Service just called you out on your lies. Can we expect a correction or just a üçå? h‚Ä¶,98,@CNN
-0.735,2018-04-29 02:22:10+00:00,0.772,0.228,0.0,"RT @CNN: ""An attack on any journalist is an attack on us all,"" says Margaret Talev, president of the White House Correspondents' Associatio‚Ä¶",99,@CNN
0.44,2018-04-29 02:22:09+00:00,0.838,0.0,0.162,@CNN Good for @realDonaldTrump instead of being with a bunch of idiots he‚Äôs with we the people.,100,@CNN
-0.202,2018-04-29 02:23:00+00:00,0.68,0.18,0.141,"@BBCWorld @BBCBreaking @BBC 

Bbc......the hate to hope network.......every person that holds postions in the Soros‚Ä¶ https://t.co/PpEWqrSBjD",101,@BBC
0.0,2018-04-29 02:22:58+00:00,1.0,0.0,0.0,"RT @Sitambarsingh1: SaviorOfTheWorld
‡§≠‡§æ‡§∞‡§§ ‡§ï‡•á ‡§è‡§ï ‡§Ö‡§¶‡•Å‡§§‡•Ä‡§Ø ‡§ó‡•ç‡§∞‡•á‡§ü ‡§∏‡§®‡•ç‡§§ ‡§ï‡§æ ‡§ú‡§®‡•ç‡§Æ ‡§π‡•ã‡§ó‡§æ ‡•§ ‡§â‡§∏‡§ï‡•á ‡§ú‡•ç‡§û‡§æ‡§® ‡§ï‡•á ‡§∏‡§æ‡§Æ‡§®‡•á ‡§∏‡§æ‡§∞‡•á ‡§ß‡§∞‡•ç‡§Æ‡§ó‡•Å‡§∞‡•Å ‡§®‡§Æ‡§Æ‡§∏‡•ç‡§§‡§ï ‡§π‡•ã‡§Ç‡§ó‡•á ‡§™‡§π‡§≤‡•á ‡§â‡§∏‡§ï‡§æ‚Ä¶",102,@BBC
0.0,2018-04-29 02:22:40+00:00,1.0,0.0,0.0,"RT @Sitambarsingh1: #SaviorOfTheWorld
‡§∏‡§®‡•ç‡§§ ‡§∞‡§æ‡§Æ‡§™‡§æ‡§≤ ‡§ú‡•Ä ‡§Æ‡§π‡§æ‡§∞‡§æ‡§ú ‡§ú‡•Ä ‡§ï‡•á ‡§¨‡§æ‡§∞‡•á ‡§Æ‡•á‡§Ç ‡§ú‡§Ø‡§ó‡•Å‡§∞‡•Å‡§¶‡•á‡§µ ‡§™‡§Ç‡§• ‡§ï‡•á ‡§™‡•ç‡§∞‡§µ‡§∞‡•ç‡§§‡§ï ‡§∂‡•ç‡§∞‡•Ä ‡§§‡•Å‡§≤‡§∏‡•Ä‡§¶‡§æ‡§∏ ‡§ú‡•Ä ‡§Æ‡§•‡•Å‡§∞‡§æ ‡§µ‡§æ‡§≤‡•á ‡§∏‡§ü‡•Ä‡§ï ‡§≠‡§µ‡§ø‡§∑‡•ç‚Ä¶",103,@BBC
-0.128,2018-04-29 02:22:26+00:00,0.943,0.057,0.0,RT @EvaSoumble: #Skripal We should all bombard the @BBC to demand to know if there is a D-notice on the Skripal case. They may not answer b‚Ä¶,104,@BBC
0.0,2018-04-29 02:21:57+00:00,1.0,0.0,0.0,"RT @Sitambarsingh1: #SaviorOfTheWorld
‡§∏‡§®‡•ç‡§§ ‡§∞‡§æ‡§Æ‡§™‡§æ‡§≤ ‡§ú‡•Ä ‡§Æ‡§π‡§æ‡§∞‡§æ‡§ú ‡§ú‡•Ä ‡§ï‡•á ‡§¨‡§æ‡§∞‡•á ‡§Æ‡•á‡§Ç ‡§ú‡§Ø‡§ó‡•Å‡§∞‡•Å‡§¶‡•á‡§µ ‡§™‡§Ç‡§• ‡§ï‡•á ‡§™‡•ç‡§∞‡§µ‡§∞‡•ç‡§§‡§ï ‡§∂‡•ç‡§∞‡•Ä ‡§§‡•Å‡§≤‡§∏‡•Ä‡§¶‡§æ‡§∏ ‡§ú‡•Ä ‡§Æ‡§•‡•Å‡§∞‡§æ ‡§µ‡§æ‡§≤‡•á ‡§∏‡§ü‡•Ä‡§ï ‡§≠‡§µ‡§ø‡§∑‡•ç‚Ä¶",105,@BBC
0.0,2018-04-29 02:21:51+00:00,1.0,0.0,0.0,"#SaviorOfTheWorld
‡§∏‡§®‡•ç‡§§ ‡§∞‡§æ‡§Æ‡§™‡§æ‡§≤ ‡§ú‡•Ä ‡§Æ‡§π‡§æ‡§∞‡§æ‡§ú ‡§ú‡•Ä ‡§ï‡•á ‡§¨‡§æ‡§∞‡•á ‡§Æ‡•á‡§Ç ‡§ú‡§Ø‡§ó‡•Å‡§∞‡•Å‡§¶‡•á‡§µ ‡§™‡§Ç‡§• ‡§ï‡•á ‡§™‡•ç‡§∞‡§µ‡§∞‡•ç‡§§‡§ï ‡§∂‡•ç‡§∞‡•Ä ‡§§‡•Å‡§≤‡§∏‡•Ä‡§¶‡§æ‡§∏ ‡§ú‡•Ä ‡§Æ‡§•‡•Å‡§∞‡§æ ‡§µ‡§æ‡§≤‡•á ‡§∏‡§ü‡•Ä‡§ï ‡§≠‚Ä¶ https://t.co/4SbRYJumnG",106,@BBC
0.0,2018-04-29 02:21:48+00:00,1.0,0.0,0.0,"RT @BBC: üò±üò±üò± South Korean boy band @BTS_twt have announced a mammoth world tour which includes two UK dates!!! #BTS
üëâ https://t.co/pZtnOw92‚Ä¶",107,@BBC
0.296,2018-04-29 02:21:25+00:00,0.896,0.0,0.104,"RT @anita_namdev: Sant rampalji maharaj is complete spiritual knowledge teacher, because they tell us worship according to all holly script‚Ä¶",108,@BBC
-0.612,2018-04-29 02:21:14+00:00,0.704,0.218,0.077,"RT @HumanRightsTR: HALIME GULSU arrested at Mersin, Turkiye on 20 Feb 2018. She has been suffering rare immune system disease and has been‚Ä¶",109,@BBC
0.557,2018-04-29 02:20:36+00:00,0.847,0.0,0.153,"RT @nikx_exe: According to Professor Harare of Israel, a divine greatman of India with humanitarian thoughts would make the roots of spirit‚Ä¶",110,@BBC
0.0,2018-04-29 02:20:02+00:00,1.0,0.0,0.0,"#SaviorOfTheWorld
‡§ï‡•å‡§® ‡§π‡•à ‡§µ‡§π ‡§Æ‡§π‡§æ‡§™‡•Å‡§∞‡•Å‡§∑ ‡§ú‡•ã ‡§™‡•Ç‡§∞‡•á ‡§µ‡§ø‡§∂‡•ç‡§µ ‡§Æ‡•á‡§Ç ‡§ú‡•ç‡§û‡§æ‡§® ‡§ï‡•Ä ‡§ï‡•ç‡§∞‡§æ‡§Ç‡§§‡§ø ‡§≤‡§æ ‡§¶‡•á‡§ó‡§æ ‡§ú‡§æ‡§®‡§®‡•á ‡§ï‡•á ‡§≤‡§ø‡§è ‡§¶‡•á‡§ñ‡•á‡§Ç ‡§∏‡§æ‡§ß‡§®‡§æ ‡§ü‡•Ä‡§µ‡•Ä 7:30‚Ä¶ https://t.co/qKtdKXsSoY",111,@BBC
0.765,2018-04-29 02:19:53+00:00,0.708,0.0,0.292,RT @BBC: ‚ù§Ô∏è This make-up artist is using her skills to help scarred women feel beautiful again. https://t.co/BuQ3vMwtPn,112,@BBC
0.0,2018-04-29 02:19:45+00:00,1.0,0.0,0.0,@realDonaldTrump @BarackObama @GOP @DNC @VP @JoeBiden @SpeakerRyan @NancyPelosi @SenateMajLdr @SenSchumer‚Ä¶ https://t.co/GiSvnnm90l,113,@BBC
0.765,2018-04-29 02:19:42+00:00,0.708,0.0,0.292,RT @BBC: ‚ù§Ô∏è This make-up artist is using her skills to help scarred women feel beautiful again. https://t.co/BuQ3vMwtPn,114,@BBC
0.902,2018-04-29 02:19:39+00:00,0.483,0.106,0.411,RT @Ekta_Kanda: Volunteers of @derasachasauda are always ready to help freedom fighters who had fought for our country's freedom with the g‚Ä¶,115,@BBC
0.557,2018-04-29 02:19:02+00:00,0.847,0.0,0.153,"RT @nikx_exe: According to Professor Harare of Israel, a divine greatman of India with humanitarian thoughts would make the roots of spirit‚Ä¶",116,@BBC
0.0,2018-04-29 02:18:37+00:00,1.0,0.0,0.0,@realDonaldTrump @BarackObama @GOP @DNC @VP @JoeBiden @SpeakerRyan @NancyPelosi @SenateMajLdr @SenSchumer‚Ä¶ https://t.co/jU7xjPcNlo,117,@BBC
0.557,2018-04-29 02:18:17+00:00,0.825,0.0,0.175,"According to Professor Harare of Israel, a divine greatman of India with humanitarian thoughts would make the roots‚Ä¶ https://t.co/T7RDAltCFV",118,@BBC
0.0,2018-04-29 02:17:46+00:00,1.0,0.0,0.0,"RT @kapil_sindal: ‡§´‡•ç‡§∞‡§æ‡§Ç‡§∏ ‡§ï‡•á ‡§®‡§æ‡§∏‡•ç‡§§‡•ç‡§∞‡•á‡§¶‡§Æ‡§∏ ‡§®‡•á ‡§õ‡§æ‡§§‡•Ä ‡§†‡•ã‡§ï ‡§ï‡§∞ ‡§∂‡§¨‡•ç‡§¶‡§æ ‡§∂‡§¨‡•ç‡§¶ ‡§ï‡§π‡§æ ‡§•‡§æ ‡§µ‡§π ‡§ó‡•ç‡§∞‡•á‡§ü ‡§∏‡§æ‡§Ø‡§∞‡§® ‡§Ö‡§™‡§®‡•á ‡§ó‡•Ç‡§¢‡§º ‡§ó‡§π‡§∞‡§æ ‡§ú‡•ç‡§û‡§æ‡§® ‡§∏‡•á ‡§Ö‡§ú‡•ç‡§û‡§æ‡§® ‡§ï‡•Ä ‡§ñ‡§æ‡§≤ ‡§â‡§§‡§æ‡§∞‡•á‡§ó‡§æ...
#S‚Ä¶",119,@BBC
0.0,2018-04-29 02:17:34+00:00,1.0,0.0,0.0,"RT @FNFORSC2: #SouthernCameroons 
#FreeSisikuAyukTabe 
#FreeTassang 
#FreeMancho 
#FreeMamaAgborRuth mother of activist Mark Bareta 
#Ambaz‚Ä¶",120,@BBC
-0.447,2018-04-29 02:17:30+00:00,0.887,0.113,0.0,"RT @milly4red: When the people have decided @EmmanuelMacron, even all your #french army WILL NEVER STOP US. We've had enough &amp; the time has‚Ä¶",121,@BBC
0.128,2018-04-29 02:17:03+00:00,0.758,0.109,0.133,@Indira_L @BBC @PBS @wmarybeard If true then it is the us viewers loss as @wmarybeard is first rate üôÇ,122,@BBC
0.556,2018-04-29 02:16:58+00:00,0.865,0.0,0.135,RT @Sharonwifey: This is even more impressive when you consider @theSNP is a sitting govt in its 3rd term with 90% of written media hostile‚Ä¶,123,@BBC
-0.494,2018-04-29 02:16:49+00:00,0.868,0.132,0.0,"RT @AntiSocialstPAC: Let this @JoyAnnReid incident be the beginning of the end for Sanders , his Bros and the hateful message they carry‚Ä¶",124,@BBC
0.0,2018-04-29 02:16:00+00:00,1.0,0.0,0.0,@realDonaldTrump @BarackObama @GOP @DNC @VP @JoeBiden @SpeakerRyan @NancyPelosi @SenateMajLdr @SenSchumer‚Ä¶ https://t.co/9z9qceQx9I,125,@BBC
0.0,2018-04-29 02:15:53+00:00,1.0,0.0,0.0,"#SaviorOfTheWorld
‡§ú‡§Ø ‡§ó‡•Å‡§∞‡•Å‡§¶‡•á‡§µ ‡§ï‡•Ä ‡§≠‡§µ‡§ø‡§∑‡•ç‡§Ø‡§µ‡§æ‡§£‡•Ä ‡§ï‡•á ‡§Ö‡§®‡•Å‡§∏‡§æ‡§∞ ‡§µ‡§π ‡§Æ‡§π‡§æ‡§® ‡§∏‡§Ç‡§§ ‡§ï‡•å‡§® ‡§π‡•à‡§Ç ‡§ú‡§æ‡§®‡§®‡•á ‡§ï‡•á ‡§≤‡§ø‡§è ‡§¶‡•á‡§ñ‡•á‡§Ç ‡§à‡§∂‡•ç‡§µ‡§∞ ‡§ü‡•Ä‡§µ‡•Ä ‡§∂‡§æ‡§Æ 8:30 ‡§∏‡•á‚Ä¶ https://t.co/TdTIMtjkNZ",126,@BBC
-0.612,2018-04-29 02:15:37+00:00,0.704,0.218,0.077,"RT @HumanRightsTR: HALIME GULSU arrested at Mersin, Turkiye on 20 Feb 2018. She has been suffering rare immune system disease and has been‚Ä¶",127,@BBC
0.296,2018-04-29 02:14:34+00:00,0.896,0.0,0.104,"RT @anita_namdev: Sant rampalji maharaj is complete spiritual knowledge teacher, because they tell us worship according to all holly script‚Ä¶",128,@BBC
0.0,2018-04-29 02:14:32+00:00,1.0,0.0,0.0,"RT @Sitambarsingh1: SaviorOfTheWorld
‡§≠‡§æ‡§∞‡§§ ‡§ï‡•á ‡§è‡§ï ‡§Ö‡§¶‡•Å‡§§‡•Ä‡§Ø ‡§ó‡•ç‡§∞‡•á‡§ü ‡§∏‡§®‡•ç‡§§ ‡§ï‡§æ ‡§ú‡§®‡•ç‡§Æ ‡§π‡•ã‡§ó‡§æ ‡•§ ‡§â‡§∏‡§ï‡•á ‡§ú‡•ç‡§û‡§æ‡§® ‡§ï‡•á ‡§∏‡§æ‡§Æ‡§®‡•á ‡§∏‡§æ‡§∞‡•á ‡§ß‡§∞‡•ç‡§Æ‡§ó‡•Å‡§∞‡•Å ‡§®‡§Æ‡§Æ‡§∏‡•ç‡§§‡§ï ‡§π‡•ã‡§Ç‡§ó‡•á ‡§™‡§π‡§≤‡•á ‡§â‡§∏‡§ï‡§æ‚Ä¶",129,@BBC
0.0,2018-04-29 02:14:27+00:00,1.0,0.0,0.0,"@BBC @BEARDYOURSELF06 @BTS_twt Ser√≠a bueno si tambi√©n vinieran a  latinoamerica sobre todo a per√∫ üáµüá™‚ù§Ô∏è
#BTSCONCERTINPERU
@BTS_twt",130,@BBC
-0.612,2018-04-29 02:14:26+00:00,0.704,0.218,0.077,"RT @HumanRightsTR: HALIME GULSU arrested at Mersin, Turkiye on 20 Feb 2018. She has been suffering rare immune system disease and has been‚Ä¶",131,@BBC
0.0,2018-04-29 02:14:15+00:00,1.0,0.0,0.0,‡§´‡•ç‡§∞‡§æ‡§Ç‡§∏ ‡§ï‡•á ‡§®‡§æ‡§∏‡•ç‡§§‡•ç‡§∞‡•á‡§¶‡§Æ‡§∏ ‡§®‡•á ‡§õ‡§æ‡§§‡•Ä ‡§†‡•ã‡§ï ‡§ï‡§∞ ‡§∂‡§¨‡•ç‡§¶‡§æ ‡§∂‡§¨‡•ç‡§¶ ‡§ï‡§π‡§æ ‡§•‡§æ ‡§µ‡§π ‡§ó‡•ç‡§∞‡•á‡§ü ‡§∏‡§æ‡§Ø‡§∞‡§® ‡§Ö‡§™‡§®‡•á ‡§ó‡•Ç‡§¢‡§º ‡§ó‡§π‡§∞‡§æ ‡§ú‡•ç‡§û‡§æ‡§® ‡§∏‡•á ‡§Ö‡§ú‡•ç‡§û‡§æ‡§® ‡§ï‡•Ä ‡§ñ‡§æ‡§≤ ‡§â‡§§‡§æ‡§∞‡•á‡§ó‡§æ‚Ä¶ https://t.co/VKpwPyDUie,132,@BBC
0.765,2018-04-29 02:14:07+00:00,0.708,0.0,0.292,RT @BBC: ‚ù§Ô∏è This make-up artist is using her skills to help scarred women feel beautiful again. https://t.co/BuQ3vMwtPn,133,@BBC
0.0,2018-04-29 02:14:04+00:00,1.0,0.0,0.0,"RT @Sitambarsingh1: SaviorOfTheWorld
‡§≠‡§æ‡§∞‡§§ ‡§ï‡•á ‡§è‡§ï ‡§Ö‡§¶‡•Å‡§§‡•Ä‡§Ø ‡§ó‡•ç‡§∞‡•á‡§ü ‡§∏‡§®‡•ç‡§§ ‡§ï‡§æ ‡§ú‡§®‡•ç‡§Æ ‡§π‡•ã‡§ó‡§æ ‡•§ ‡§â‡§∏‡§ï‡•á ‡§ú‡•ç‡§û‡§æ‡§® ‡§ï‡•á ‡§∏‡§æ‡§Æ‡§®‡•á ‡§∏‡§æ‡§∞‡•á ‡§ß‡§∞‡•ç‡§Æ‡§ó‡•Å‡§∞‡•Å ‡§®‡§Æ‡§Æ‡§∏‡•ç‡§§‡§ï ‡§π‡•ã‡§Ç‡§ó‡•á ‡§™‡§π‡§≤‡•á ‡§â‡§∏‡§ï‡§æ‚Ä¶",134,@BBC
-0.718,2018-04-29 02:14:01+00:00,0.773,0.227,0.0,We just added #deathinicevalley #podcast to @podknife! Delve into a murder unsolved for nearly half a century in th‚Ä¶ https://t.co/R47pIZ92IP,135,@BBC
0.0,2018-04-29 02:13:07+00:00,1.0,0.0,0.0,"RT @BR_MEHRA: #SaviorOfTheWorld
5505 ‡§ú‡§¨ ‡§ï‡§≤‡§Ø‡•Å‡§ó ‡§¨‡•Ä‡§§ ‡§ú‡§æ‡§è ‡§Æ‡§π‡§æ‡§™‡•Å‡§∞‡•Å‡§∑ ‡§´‡§∞‡§Æ‡§æ‡§® ‡§§‡§¨ ‡§ú‡§ó‡§§‡§æ‡§∞‡§£ ‡§ï‡•ã ‡§Ü‡§è ‡§ï‡•å‡§® ‡§π‡•à ‡§µ‡§π ‡§Æ‡§π‡§æ‡§™‡•Å‡§∞‡•Å‡§∑ ‡§Ö‡§µ‡§∂‡•ç‡§Ø ‡§¶‡•á‡§ñ‡§ø‡§è ‡§∞‡•ã‡§ú‡§æ‡§®‡§æ ‡§∏‡§æ‡§ß‡§®‡§æ ‡§ü‡•Ä‡§µ‡•Ä 7:30‚Ä¶",136,@BBC
0.0,2018-04-29 02:12:46+00:00,1.0,0.0,0.0,"SaviorOfTheWorld
‡§≠‡§æ‡§∞‡§§ ‡§ï‡•á ‡§è‡§ï ‡§Ö‡§¶‡•Å‡§§‡•Ä‡§Ø ‡§ó‡•ç‡§∞‡•á‡§ü ‡§∏‡§®‡•ç‡§§ ‡§ï‡§æ ‡§ú‡§®‡•ç‡§Æ ‡§π‡•ã‡§ó‡§æ ‡•§ ‡§â‡§∏‡§ï‡•á ‡§ú‡•ç‡§û‡§æ‡§® ‡§ï‡•á ‡§∏‡§æ‡§Æ‡§®‡•á ‡§∏‡§æ‡§∞‡•á ‡§ß‡§∞‡•ç‡§Æ‡§ó‡•Å‡§∞‡•Å ‡§®‡§Æ‡§Æ‡§∏‡•ç‡§§‡§ï ‡§π‡•ã‡§Ç‡§ó‡•á ‡§™‡§π‡§≤‡•á ‡§â‚Ä¶ https://t.co/yoK5PKmtoB",137,@BBC
0.0,2018-04-29 02:12:34+00:00,1.0,0.0,0.0,"RT @BR_MEHRA: #SaviorOfTheWorld
‡§™‡§∞‡•ç‡§µ‡§§ ‡§™‡§∞‡•ç‡§µ‡§§ ‡§Æ‡•á‡§Ç ‡§´‡§ø‡§∞‡§æ ‡§ï‡§æ‡§∞‡§£ ‡§Ö‡§™‡§®‡•á ‡§∞‡§æ‡§Æ ‡§∞‡§æ‡§Æ ‡§ú‡•à‡§∏‡•á ‡§∏‡§Ç‡§§ ‡§Æ‡§ø‡§≤‡•á ‡§ú‡§ø‡§® ‡§∏‡§æ‡§∞‡•á ‡§∏‡§¨ ‡§ï‡§æ‡§Æ ‡§ú‡§æ‡§®‡§ø‡§è ‡§ê‡§∏‡•á ‡§π‡•Ä ‡§∏‡§ö‡•ç‡§ö‡•á ‡§∏‡§Ç‡§§ ‡§ï‡•á ‡§¨‡§æ‡§∞‡•á ‡§Æ‡•á‡§Ç ‡§ú‡§∞‡•Ç‚Ä¶",138,@BBC
0.0,2018-04-29 02:12:15+00:00,1.0,0.0,0.0,"RT @tkatsumi06j: AJ+„ÉÜ„É≠„ÉÉ„Éó27.

ÁèæÂú®Êó•Êú¨„Åß„ÅØ„ÄÅ #Âπæ„Å§„Åã„ÅÆÂ§ß„Åç„Å™ #MeToo „ÅÆ‰∫ã‰æã„ÅåÂ†±Âëä„Åï„Çå„Å¶„ÅÑ„Çã„ÄÇ

Source: @BBC , @nytimes https://t.co/dBvJ4mBPvy",139,@BBC
0.0,2018-04-29 02:12:08+00:00,1.0,0.0,0.0,"RT @tkatsumi06j: AJ+„ÉÜ„É≠„ÉÉ„Éó25-26. 

‰ºäËó§Ê∞è„ÅØ2017Âπ¥„ÄÅ#ËëóÂêç„Å™„Ç∏„É£„Éº„Éä„É™„Çπ„Éà „Å´ #Ëá™Ë∫´„Åå„É¨„Ç§„Éó„Åï„Çå„Åü„Åì„Å® „Çí #ÂÖ¨Ë°®„Åó„Åü„ÄÇ

Source: @BBC , @nytimes https://t.co/K8QsODzkBo",140,@BBC
0.0,2018-04-29 02:12:00+00:00,1.0,0.0,0.0,"#SaviorOfTheWorld
5505 ‡§ú‡§¨ ‡§ï‡§≤‡§Ø‡•Å‡§ó ‡§¨‡•Ä‡§§ ‡§ú‡§æ‡§è ‡§Æ‡§π‡§æ‡§™‡•Å‡§∞‡•Å‡§∑ ‡§´‡§∞‡§Æ‡§æ‡§® ‡§§‡§¨ ‡§ú‡§ó‡§§‡§æ‡§∞‡§£ ‡§ï‡•ã ‡§Ü‡§è ‡§ï‡•å‡§® ‡§π‡•à ‡§µ‡§π ‡§Æ‡§π‡§æ‡§™‡•Å‡§∞‡•Å‡§∑ ‡§Ö‡§µ‡§∂‡•ç‡§Ø ‡§¶‡•á‡§ñ‡§ø‡§è ‡§∞‡•ã‡§ú‡§æ‡§®‡§æ ‡§∏‡§æ‡§ß‡§®‡§æ‚Ä¶ https://t.co/TQukEI9OR0",141,@BBC
-0.612,2018-04-29 02:11:38+00:00,0.704,0.218,0.077,"RT @HumanRightsTR: HALIME GULSU arrested at Mersin, Turkiye on 20 Feb 2018. She has been suffering rare immune system disease and has been‚Ä¶",142,@BBC
0.765,2018-04-29 02:11:38+00:00,0.708,0.0,0.292,RT @BBC: ‚ù§Ô∏è This make-up artist is using her skills to help scarred women feel beautiful again. https://t.co/BuQ3vMwtPn,143,@BBC
-0.86,2018-04-29 02:11:36+00:00,0.641,0.359,0.0,"RT @CharlesOrtel: which happens faster: Hell freezes over, or FAKE NEWS @CNN, @MSNBC @ABC @NBC @CBS @BBC asks @ChelseaClinton @HillaryClint‚Ä¶",144,@BBC
0.296,2018-04-29 02:11:30+00:00,0.896,0.0,0.104,"RT @anita_namdev: Sant rampalji maharaj is complete spiritual knowledge teacher, because they tell us worship according to all holly script‚Ä¶",145,@BBC
0.0,2018-04-29 02:11:16+00:00,1.0,0.0,0.0,"RT @magan_pandey: ‡§Ü‡§ñ‡§ø‡§∞ ‡§ï‡§¨ ‡§§‡§ï ‡§Ø‡•Ç ‡§π‡•Ä ‡§ö‡§≤‡§§‡§æ ‡§∞‡§π‡•á‡§ó‡§æ ‡§π‡§Æ ‡§∂‡§ø‡§ï‡•ç‡§∑‡§æ‡§Æ‡§ø‡§§‡•ç‡§∞‡•ã‡§Ç ‡§ï‡•á ‡§Ö‡§∏‡§æ‡§Æ‡§Ø‡§ø‡§ï ‡§Æ‡•å‡§§‡•ã‡§Ç ‡§ï‡§æ ‡§∏‡§ø‡§≤‡§∏‡§ø‡§≤‡§æ...?‡§ï‡•ã‡§à ‡§ú‡§ø‡§Æ‡•ç‡§Æ‡•á‡§¶‡§æ‡§∞ ‡§Æ‡§æ‡§®‡§®‡•Ä‡§Ø ‡§ú‡§º‡§¨‡§æ‡§¨ ‡§¶‡•ã,  @myogiadityan‚Ä¶",146,@BBC
0.0,2018-04-29 02:10:59+00:00,1.0,0.0,0.0,RT @CuentosAMi: @NoticiasCaracol @ABC @usarmy @usaairforce @GobiernoUSA @WhiteHouse @BBCBreaking @bbcmundo @euronewses @tve_tve @PentagonPr‚Ä¶,147,@BBC
0.0,2018-04-29 02:10:59+00:00,1.0,0.0,0.0,"RT @BBC: üò±üò±üò± South Korean boy band @BTS_twt have announced a mammoth world tour which includes two UK dates!!! #BTS
üëâ https://t.co/pZtnOw92‚Ä¶",148,@BBC
0.765,2018-04-29 02:10:25+00:00,0.708,0.0,0.292,RT @BBC: ‚ù§Ô∏è This make-up artist is using her skills to help scarred women feel beautiful again. https://t.co/BuQ3vMwtPn,149,@BBC
0.0,2018-04-29 02:10:14+00:00,1.0,0.0,0.0,Will #sanfrancisco ever realize that all their soft policies with drug users/dealers isn't working? The City is an‚Ä¶ https://t.co/8nef8ujNMZ,150,@BBC
0.0,2018-04-29 02:09:28+00:00,1.0,0.0,0.0,"RT @magan_pandey: ‡§Ü‡§ñ‡§ø‡§∞ ‡§ï‡§¨ ‡§§‡§ï ‡§Ø‡•Ç ‡§π‡•Ä ‡§ö‡§≤‡§§‡§æ ‡§∞‡§π‡•á‡§ó‡§æ ‡§π‡§Æ ‡§∂‡§ø‡§ï‡•ç‡§∑‡§æ‡§Æ‡§ø‡§§‡•ç‡§∞‡•ã‡§Ç ‡§ï‡•á ‡§Ö‡§∏‡§æ‡§Æ‡§Ø‡§ø‡§ï ‡§Æ‡•å‡§§‡•ã‡§Ç ‡§ï‡§æ ‡§∏‡§ø‡§≤‡§∏‡§ø‡§≤‡§æ...?‡§ï‡•ã‡§à ‡§ú‡§ø‡§Æ‡•ç‡§Æ‡•á‡§¶‡§æ‡§∞ ‡§Æ‡§æ‡§®‡§®‡•Ä‡§Ø ‡§ú‡§º‡§¨‡§æ‡§¨ ‡§¶‡•ã,  @myogiadityan‚Ä¶",151,@BBC
-0.7,2018-04-29 02:09:16+00:00,0.766,0.234,0.0,@EjeCentral @lopezobrador_ AMLO no ganara. @RicardoAnayaC Presidente de Mexico sera sin duda @AP @CNN @FT @ABC @CBSNews @BBC @UN @MIT @nbc,152,@BBC
0.765,2018-04-29 02:08:46+00:00,0.708,0.0,0.292,RT @BBC: ‚ù§Ô∏è This make-up artist is using her skills to help scarred women feel beautiful again. https://t.co/BuQ3vMwtPn,153,@BBC
0.0,2018-04-29 02:08:41+00:00,1.0,0.0,0.0,@realDonaldTrump @BarackObama @GOP @DNC @VP @JoeBiden @SpeakerRyan @NancyPelosi @SenateMajLdr @SenSchumer‚Ä¶ https://t.co/9gJft1XPSm,154,@BBC
0.765,2018-04-29 02:08:41+00:00,0.708,0.0,0.292,RT @BBC: ‚ù§Ô∏è This make-up artist is using her skills to help scarred women feel beautiful again. https://t.co/BuQ3vMwtPn,155,@BBC
0.765,2018-04-29 02:08:36+00:00,0.708,0.0,0.292,RT @BBC: ‚ù§Ô∏è This make-up artist is using her skills to help scarred women feel beautiful again. https://t.co/BuQ3vMwtPn,156,@BBC
0.0,2018-04-29 02:08:35+00:00,1.0,0.0,0.0,"#SaviorOfTheWorld
""‡§≤‡•ã‡§ó ‡§â‡§®‡§ï‡•Ä ‡§∏‡§∂‡§ï‡•ç‡§§, ‡§™‡•ç‡§∞‡§ó‡§§‡§ø‡§∂‡•Ä‡§≤ ‡§î‡§∞ ‡§µ‡§∞‡•ç‡§§‡§Æ‡§æ‡§® ‡§∏‡§Æ‡§∏‡•ç‡§Ø‡§æ‡§ì‡§Ç ‡§ï‡§æ ‡§∏‡§∞‡•ç‡§µ‡§Æ‡§æ‡§®‡•ç‡§Ø ‡§π‡§≤ ‡§∏‡•Å‡§ù‡§æ‡§®‡•á ‡§µ‡§æ‡§≤‡•Ä ‡§µ‡§ø‡§ö‡§æ‡§∞‡§ß‡§æ‡§∞‡§æ ‡§ï‡•ã ‡§Ö‡§™‡§®‡§æ‡§®‡•á‚Ä¶ https://t.co/8wAGmJFtvb",157,@BBC
0.0,2018-04-29 02:07:23+00:00,1.0,0.0,0.0,"RT @Satishd51670551: #SaviorOfTheWorld
‡§≠‡§æ‡§∞‡§§ ‡§ï‡§æ ‡§µ‡§π ‡§è‡§ï ‡§µ‡•ç‡§Ø‡§ï‡•ç‡§§‡§ø ‡§∏‡§æ‡§∞‡•á ‡§∏‡§Ç‡§∏‡§æ‡§∞ ‡§Æ‡•á ‡§Ö‡§™‡§®‡•á ‡§∏‡§§‡§ú‡•ç‡§û‡§æ‡§® ‡§∏‡•á ‡§ï‡•ç‡§∞‡§æ‡§Ç‡§§‡§ø ‡§≤‡§æ ‡§¶‡•á‡§ó‡§æ‡•§
               -‡§ú‡§Ø‡•ã‡§§‡§ø‡§∑‡•Ä ‡§ï‡•Ä‡§∞‡•ã‡•§‚Ä¶",158,@BBC
0.556,2018-04-29 02:07:22+00:00,0.865,0.0,0.135,RT @Sharonwifey: This is even more impressive when you consider @theSNP is a sitting govt in its 3rd term with 90% of written media hostile‚Ä¶,159,@BBC
0.67,2018-04-29 02:07:18+00:00,0.691,0.055,0.255,"RT @SuprmeGodKabir: To prevent the massive corruption spread in the judiciary and to save the dignity of the judiciary,  demand of today is‚Ä¶",160,@BBC
0.0,2018-04-29 02:07:07+00:00,1.0,0.0,0.0,"RT @BR_MEHRA: #SaviorOfTheWorld
‡§™‡§∞‡•ç‡§µ‡§§ ‡§™‡§∞‡•ç‡§µ‡§§ ‡§Æ‡•á‡§Ç ‡§´‡§ø‡§∞‡§æ ‡§ï‡§æ‡§∞‡§£ ‡§Ö‡§™‡§®‡•á ‡§∞‡§æ‡§Æ ‡§∞‡§æ‡§Æ ‡§ú‡•à‡§∏‡•á ‡§∏‡§Ç‡§§ ‡§Æ‡§ø‡§≤‡•á ‡§ú‡§ø‡§® ‡§∏‡§æ‡§∞‡•á ‡§∏‡§¨ ‡§ï‡§æ‡§Æ ‡§ú‡§æ‡§®‡§ø‡§è ‡§ê‡§∏‡•á ‡§π‡•Ä ‡§∏‡§ö‡•ç‡§ö‡•á ‡§∏‡§Ç‡§§ ‡§ï‡•á ‡§¨‡§æ‡§∞‡•á ‡§Æ‡•á‡§Ç ‡§ú‡§∞‡•Ç‚Ä¶",161,@BBC
-0.128,2018-04-29 02:06:57+00:00,0.943,0.057,0.0,RT @EvaSoumble: #Skripal We should all bombard the @BBC to demand to know if there is a D-notice on the Skripal case. They may not answer b‚Ä¶,162,@BBC
0.0,2018-04-29 02:06:48+00:00,1.0,0.0,0.0,"RT @BR_MEHRA: #SaviorOfTheWorld
‡§™‡§∞‡•ç‡§µ‡§§ ‡§™‡§∞‡•ç‡§µ‡§§ ‡§Æ‡•á‡§Ç ‡§´‡§ø‡§∞‡§æ ‡§ï‡§æ‡§∞‡§£ ‡§Ö‡§™‡§®‡•á ‡§∞‡§æ‡§Æ ‡§∞‡§æ‡§Æ ‡§ú‡•à‡§∏‡•á ‡§∏‡§Ç‡§§ ‡§Æ‡§ø‡§≤‡•á ‡§ú‡§ø‡§® ‡§∏‡§æ‡§∞‡•á ‡§∏‡§¨ ‡§ï‡§æ‡§Æ ‡§ú‡§æ‡§®‡§ø‡§è ‡§ê‡§∏‡•á ‡§π‡•Ä ‡§∏‡§ö‡•ç‡§ö‡•á ‡§∏‡§Ç‡§§ ‡§ï‡•á ‡§¨‡§æ‡§∞‡•á ‡§Æ‡•á‡§Ç ‡§ú‡§∞‡•Ç‚Ä¶",163,@BBC
0.0,2018-04-29 02:06:46+00:00,1.0,0.0,0.0,@realDonaldTrump @BarackObama @GOP @DNC @VP @JoeBiden @SpeakerRyan @NancyPelosi @SenateMajLdr @SenSchumer‚Ä¶ https://t.co/3HT4PyMuhO,164,@BBC
0.0,2018-04-29 02:05:26+00:00,1.0,0.0,0.0,"RT @Sitambarsingh1: #SaviorOfTheWorld
‡§µ‡•à‡§∏‡•á ‡§¶‡•á‡§ñ‡§æ ‡§ú‡§æ‡§è ‡§™‡•Ç‡§∞‡§æ ‡§Æ‡§æ‡§®‡§µ ‡§∏‡§Æ‡§æ‡§ú ‡§™‡§¢‡§º ‡§≤‡§ø‡§ñ‡§ï‡§∞ ‡§ö‡§æ‡§Å‡§¶ ‡§§‡§ï ‡§™‡§π‡•Å‡§ö ‡§ó‡§Ø‡§æ‡•§‡§Æ‡§æ‡§®‡§µ ‡§ï‡•ã ‡§ú‡§ø‡§∏‡§ï‡•á ‡§≤‡§ø‡§Ø‡•á ‡§ú‡§®‡•ç‡§Æ ‡§Æ‡§ø‡§≤‡§æ ‡§µ‡•ã ‡§≠‡•Ç‡§≤ ‡§ó‡§Ø‡§æ‡•§‡§Ö‡§™‡§®‡•á‚Ä¶",165,@BBC
0.0,2018-04-29 02:05:20+00:00,1.0,0.0,0.0,@realDonaldTrump @BarackObama @GOP @DNC @VP @JoeBiden @SpeakerRyan @NancyPelosi @SenateMajLdr @SenSchumer‚Ä¶ https://t.co/doVsGMKGsH,166,@BBC
0.765,2018-04-29 02:05:10+00:00,0.708,0.0,0.292,RT @BBC: ‚ù§Ô∏è This make-up artist is using her skills to help scarred women feel beautiful again. https://t.co/BuQ3vMwtPn,167,@BBC
0.0,2018-04-29 02:05:04+00:00,1.0,0.0,0.0,"#SaviorOfTheWorld
‡§µ‡•à‡§∏‡•á ‡§¶‡•á‡§ñ‡§æ ‡§ú‡§æ‡§è ‡§™‡•Ç‡§∞‡§æ ‡§Æ‡§æ‡§®‡§µ ‡§∏‡§Æ‡§æ‡§ú ‡§™‡§¢‡§º ‡§≤‡§ø‡§ñ‡§ï‡§∞ ‡§ö‡§æ‡§Å‡§¶ ‡§§‡§ï ‡§™‡§π‡•Å‡§ö ‡§ó‡§Ø‡§æ‡•§‡§Æ‡§æ‡§®‡§µ ‡§ï‡•ã ‡§ú‡§ø‡§∏‡§ï‡•á ‡§≤‡§ø‡§Ø‡•á ‡§ú‡§®‡•ç‡§Æ ‡§Æ‡§ø‡§≤‡§æ ‡§µ‡•ã ‡§≠‡•Ç‡§≤ ‡§ó‡§Ø‡§æ‡•§‡§Ö‚Ä¶ https://t.co/sNSdTakyBe",168,@BBC
0.0,2018-04-29 02:04:56+00:00,1.0,0.0,0.0,"RT @BR_MEHRA: #SaviorOfTheWorld
‡§™‡§∞‡•ç‡§µ‡§§ ‡§™‡§∞‡•ç‡§µ‡§§ ‡§Æ‡•á‡§Ç ‡§´‡§ø‡§∞‡§æ ‡§ï‡§æ‡§∞‡§£ ‡§Ö‡§™‡§®‡•á ‡§∞‡§æ‡§Æ ‡§∞‡§æ‡§Æ ‡§ú‡•à‡§∏‡•á ‡§∏‡§Ç‡§§ ‡§Æ‡§ø‡§≤‡•á ‡§ú‡§ø‡§® ‡§∏‡§æ‡§∞‡•á ‡§∏‡§¨ ‡§ï‡§æ‡§Æ ‡§ú‡§æ‡§®‡§ø‡§è ‡§ê‡§∏‡•á ‡§π‡•Ä ‡§∏‡§ö‡•ç‡§ö‡•á ‡§∏‡§Ç‡§§ ‡§ï‡•á ‡§¨‡§æ‡§∞‡•á ‡§Æ‡•á‡§Ç ‡§ú‡§∞‡•Ç‚Ä¶",169,@BBC
0.0,2018-04-29 02:04:40+00:00,1.0,0.0,0.0,@vejoefalomesmo @guardian @BBC @elpais_brasil @teleSURtv @Reuters @nytimes @FranceONUGeneve @UN @CIDH @lemondefr‚Ä¶ https://t.co/77nHy5Gs5Q,170,@BBC
0.296,2018-04-29 02:04:37+00:00,0.896,0.0,0.104,"RT @anita_namdev: Sant rampalji maharaj is complete spiritual knowledge teacher, because they tell us worship according to all holly script‚Ä¶",171,@BBC
0.0,2018-04-29 02:04:32+00:00,1.0,0.0,0.0,@realDonaldTrump @BarackObama @GOP @DNC @VP @JoeBiden @SpeakerRyan @NancyPelosi @SenateMajLdr @SenSchumer‚Ä¶ https://t.co/SKZw67bwvE,172,@BBC
-0.612,2018-04-29 02:04:08+00:00,0.704,0.218,0.077,"RT @HumanRightsTR: HALIME GULSU arrested at Mersin, Turkiye on 20 Feb 2018. She has been suffering rare immune system disease and has been‚Ä¶",173,@BBC
0.296,2018-04-29 02:03:40+00:00,0.896,0.0,0.104,"RT @anita_namdev: Sant rampalji maharaj is complete spiritual knowledge teacher, because they tell us worship according to all holly script‚Ä¶",174,@BBC
0.0,2018-04-29 02:03:39+00:00,1.0,0.0,0.0,"RT @BR_MEHRA: #SaviorOfTheWorld
‡§™‡§∞‡•ç‡§µ‡§§ ‡§™‡§∞‡•ç‡§µ‡§§ ‡§Æ‡•á‡§Ç ‡§´‡§ø‡§∞‡§æ ‡§ï‡§æ‡§∞‡§£ ‡§Ö‡§™‡§®‡•á ‡§∞‡§æ‡§Æ ‡§∞‡§æ‡§Æ ‡§ú‡•à‡§∏‡•á ‡§∏‡§Ç‡§§ ‡§Æ‡§ø‡§≤‡•á ‡§ú‡§ø‡§® ‡§∏‡§æ‡§∞‡•á ‡§∏‡§¨ ‡§ï‡§æ‡§Æ ‡§ú‡§æ‡§®‡§ø‡§è ‡§ê‡§∏‡•á ‡§π‡•Ä ‡§∏‡§ö‡•ç‡§ö‡•á ‡§∏‡§Ç‡§§ ‡§ï‡•á ‡§¨‡§æ‡§∞‡•á ‡§Æ‡•á‡§Ç ‡§ú‡§∞‡•Ç‚Ä¶",175,@BBC
-0.612,2018-04-29 02:03:07+00:00,0.704,0.218,0.077,"RT @HumanRightsTR: HALIME GULSU arrested at Mersin, Turkiye on 20 Feb 2018. She has been suffering rare immune system disease and has been‚Ä¶",176,@BBC
-0.727,2018-04-29 02:03:04+00:00,0.736,0.264,0.0,RT @raayar: @jnj_kahl #ISIS #Terror #Syria #Irak #Libya #YemenGenocide #Mideast #Afghanistan #Somalia may b warnings of NXT Global War #wwi‚Ä¶,177,@BBC
0.0,2018-04-29 02:02:34+00:00,1.0,0.0,0.0,"RT @RGUq8esdv8Hclgt: #SaviorOfTheWorld
‡§ú‡§®‡•ç‡§Æ ‡§∏‡§æ‡§ñ‡•Ä ‡§Æ‡•á ‡§™‡§∞‡§Æ‡§æ‡§£ ‡§π‡•à‡§Ç ‡§ï‡§ø ‡§µ‡§π ‡§∏‡§Ç‡§§ ‡§ú‡§æ‡§ü ‡§µ‡§∞‡§£ ‡§ï‡§æ ‡§π‡•ã‡§ó‡§æ ‡§î‡§∞ ‡§â‡§∏‡§ï‡§æ ‡§ï‡•ç‡§∑‡•á‡§§‡•ç‡§∞ ‡§¨‡§ü‡§æ‡§≤‡§æ ‡§ú‡•ã ‡§ï‡§ø ‡§µ‡§∞‡•ç‡§§‡§Æ‡§æ‡§® ‡§Æ‡•á‡§Ç ‡§¨‡§∞‡§µ‡§æ‡§≤‡§æ ‡§π‡•à !‚Ä¶",178,@BBC
0.0,2018-04-29 02:02:16+00:00,1.0,0.0,0.0,"RT @uttamrathiQ: #SRHvKXIP
Ankit Rajpoot , Manish Pandey &amp; we must #RaiseUrVoice about #FakeNews shown about #SpiritualLeader_SaintRampalji‚Ä¶",179,@BBC
0.0,2018-04-29 02:02:10+00:00,1.0,0.0,0.0,@realDonaldTrump @BarackObama @GOP @DNC @VP @JoeBiden @SpeakerRyan @NancyPelosi @SenateMajLdr @SenSchumer‚Ä¶ https://t.co/dXOdQRzFwh,180,@BBC
-0.447,2018-04-29 02:02:03+00:00,0.887,0.113,0.0,"RT @milly4red: When the people have decided @EmmanuelMacron, even all your #french army WILL NEVER STOP US. We've had enough &amp; the time has‚Ä¶",181,@BBC
0.0,2018-04-29 02:01:37+00:00,1.0,0.0,0.0,"RT @BR_MEHRA: #SaviorOfTheWorld
 ‡§∞‡§æ‡§Æ ‡§®‡§æ‡§Æ ‡§ú‡§™‡§§‡•á ‡§∞‡§π‡•ã ‡§ú‡§¨ ‡§§‡§ï ‡§ò‡§ü ‡§Æ‡•á‡§Ç ‡§™‡•ç‡§∞‡§æ‡§£ 
‡§ï‡§¨‡•Ç‡§π ‡§¶‡•Ä‡§® ‡§¶‡§Ø‡§æ‡§≤ ‡§ï‡•á ‡§≠‡§®‡§ï ‡§™‡§°‡§º‡•á‡§ó‡•Ä ‡§ï‡§æ‡§® 
‡§ú‡§æ‡§®‡•á ‡§ï‡•å‡§® ‡§π‡•à ‡§Ö‡§∏‡§≤‡•Ä ‡§∞‡§æ‡§Æ ‡§Ö‡§µ‡§∂‡•ç‡§Ø ‡§¶‡•á‡§ñ‡•á‡§Ç ‡§∏‡§æ‡§ß‚Ä¶",182,@BBC
0.765,2018-04-29 02:01:03+00:00,0.708,0.0,0.292,RT @BBC: ‚ù§Ô∏è This make-up artist is using her skills to help scarred women feel beautiful again. https://t.co/BuQ3vMwtPn,183,@BBC
0.0,2018-04-29 02:00:49+00:00,1.0,0.0,0.0,"RT @RGUq8esdv8Hclgt: #SaviorOfTheWorld
‡§ú‡§®‡•ç‡§Æ ‡§∏‡§æ‡§ñ‡•Ä ‡§Æ‡•á ‡§™‡§∞‡§Æ‡§æ‡§£ ‡§π‡•à‡§Ç ‡§ï‡§ø ‡§µ‡§π ‡§∏‡§Ç‡§§ ‡§ú‡§æ‡§ü ‡§µ‡§∞‡§£ ‡§ï‡§æ ‡§π‡•ã‡§ó‡§æ ‡§î‡§∞ ‡§â‡§∏‡§ï‡§æ ‡§ï‡•ç‡§∑‡•á‡§§‡•ç‡§∞ ‡§¨‡§ü‡§æ‡§≤‡§æ ‡§ú‡•ã ‡§ï‡§ø ‡§µ‡§∞‡•ç‡§§‡§Æ‡§æ‡§® ‡§Æ‡•á‡§Ç ‡§¨‡§∞‡§µ‡§æ‡§≤‡§æ ‡§π‡•à !‚Ä¶",184,@BBC
0.556,2018-04-29 02:00:48+00:00,0.865,0.0,0.135,RT @Sharonwifey: This is even more impressive when you consider @theSNP is a sitting govt in its 3rd term with 90% of written media hostile‚Ä¶,185,@BBC
-0.612,2018-04-29 02:00:45+00:00,0.704,0.218,0.077,"RT @HumanRightsTR: HALIME GULSU arrested at Mersin, Turkiye on 20 Feb 2018. She has been suffering rare immune system disease and has been‚Ä¶",186,@BBC
0.0,2018-04-29 02:00:33+00:00,1.0,0.0,0.0,"RT @magan_pandey: ‡§Ü‡§ñ‡§ø‡§∞ ‡§ï‡§¨ ‡§§‡§ï ‡§Ø‡•Ç ‡§π‡•Ä ‡§ö‡§≤‡§§‡§æ ‡§∞‡§π‡•á‡§ó‡§æ ‡§π‡§Æ ‡§∂‡§ø‡§ï‡•ç‡§∑‡§æ‡§Æ‡§ø‡§§‡•ç‡§∞‡•ã‡§Ç ‡§ï‡•á ‡§Ö‡§∏‡§æ‡§Æ‡§Ø‡§ø‡§ï ‡§Æ‡•å‡§§‡•ã‡§Ç ‡§ï‡§æ ‡§∏‡§ø‡§≤‡§∏‡§ø‡§≤‡§æ...?‡§ï‡•ã‡§à ‡§ú‡§ø‡§Æ‡•ç‡§Æ‡•á‡§¶‡§æ‡§∞ ‡§Æ‡§æ‡§®‡§®‡•Ä‡§Ø ‡§ú‡§º‡§¨‡§æ‡§¨ ‡§¶‡•ã,  @myogiadityan‚Ä¶",187,@BBC
0.0,2018-04-29 02:00:21+00:00,1.0,0.0,0.0,"RT @RGUq8esdv8Hclgt: #SaviorOfTheWorld
‡§ú‡§®‡•ç‡§Æ ‡§∏‡§æ‡§ñ‡•Ä ‡§Æ‡•á ‡§™‡§∞‡§Æ‡§æ‡§£ ‡§π‡•à‡§Ç ‡§ï‡§ø ‡§µ‡§π ‡§∏‡§Ç‡§§ ‡§ú‡§æ‡§ü ‡§µ‡§∞‡§£ ‡§ï‡§æ ‡§π‡•ã‡§ó‡§æ ‡§î‡§∞ ‡§â‡§∏‡§ï‡§æ ‡§ï‡•ç‡§∑‡•á‡§§‡•ç‡§∞ ‡§¨‡§ü‡§æ‡§≤‡§æ ‡§ú‡•ã ‡§ï‡§ø ‡§µ‡§∞‡•ç‡§§‡§Æ‡§æ‡§® ‡§Æ‡•á‡§Ç ‡§¨‡§∞‡§µ‡§æ‡§≤‡§æ ‡§π‡•à !‚Ä¶",188,@BBC
0.0,2018-04-29 02:00:19+00:00,1.0,0.0,0.0,@jacobsoboroff @MSNBC @baratunde @KimberlyEAtkins @davidlitt @WatchSavannah Current World Scene same as b4 WWII &amp; p‚Ä¶ https://t.co/k8kPoo3O7k,189,@BBC
0.515,2018-04-29 02:00:14+00:00,0.828,0.0,0.172,"RT @BBC: üôåüé∂ @George_Ezra. @AnneMarie. @NiallOfficial. @CHVRCHES. @Migos.

Tonight's #SoundsLikeFridayNight is going to be HUGE! 
7.30pm | @‚Ä¶",190,@BBC
0.0,2018-04-29 01:59:54+00:00,1.0,0.0,0.0,RT @smmsyria: #Aleppo MP @ShehabiFares to @BBC: about 280 passports were found among the jihadists of #HTS and #ISIS https://t.co/nucVy2wkpm,191,@BBC
0.0,2018-04-29 01:59:49+00:00,1.0,0.0,0.0,@BBC @CNN @BBCWorld @nytimes @CNNnews18 https://t.co/eMiTlH2OTH,192,@BBC
0.765,2018-04-29 01:59:09+00:00,0.708,0.0,0.292,RT @BBC: ‚ù§Ô∏è This make-up artist is using her skills to help scarred women feel beautiful again. https://t.co/BuQ3vMwtPn,193,@BBC
0.0,2018-04-29 01:59:01+00:00,1.0,0.0,0.0,"RT @RGUq8esdv8Hclgt: #SaviorOfTheWorld
‡§ú‡§®‡•ç‡§Æ ‡§∏‡§æ‡§ñ‡•Ä ‡§Æ‡•á ‡§™‡§∞‡§Æ‡§æ‡§£ ‡§π‡•à‡§Ç ‡§ï‡§ø ‡§µ‡§π ‡§∏‡§Ç‡§§ ‡§ú‡§æ‡§ü ‡§µ‡§∞‡§£ ‡§ï‡§æ ‡§π‡•ã‡§ó‡§æ ‡§î‡§∞ ‡§â‡§∏‡§ï‡§æ ‡§ï‡•ç‡§∑‡•á‡§§‡•ç‡§∞ ‡§¨‡§ü‡§æ‡§≤‡§æ ‡§ú‡•ã ‡§ï‡§ø ‡§µ‡§∞‡•ç‡§§‡§Æ‡§æ‡§® ‡§Æ‡•á‡§Ç ‡§¨‡§∞‡§µ‡§æ‡§≤‡§æ ‡§π‡•à !‚Ä¶",194,@BBC
0.556,2018-04-29 01:58:56+00:00,0.865,0.0,0.135,RT @Sharonwifey: This is even more impressive when you consider @theSNP is a sitting govt in its 3rd term with 90% of written media hostile‚Ä¶,195,@BBC
0.545,2018-04-29 02:22:37+00:00,0.872,0.0,0.128,"RT @DouglasHespelt: OK @CBS, we really need you to announce the renewal of Scorpion! It's the only right thing to do! Scorpion is very impo‚Ä¶",196,@CBS
0.0,2018-04-29 02:22:22+00:00,1.0,0.0,0.0,"Exactly! What say u, @DNC @HillaryClinton @CNN @MSNBC @ABC @CBS @nbc @nytimes @washingtonpost @NewYorker??? @POTUS‚Ä¶ https://t.co/Gf545TUq5B",197,@CBS
0.0,2018-04-29 02:22:08+00:00,1.0,0.0,0.0,"#SaturdayNightLineup:   
   #48Hours ""The Last Ride Home"" on @CBS.",198,@CBS
0.0,2018-04-29 02:19:21+00:00,1.0,0.0,0.0,RT @CherubimResists: @Khalibimrevenge @anoncontent @QanonPosts @shashatheitch22 @AJEnglish @swnsasy @AngryandAsian @42Gnome @CNN @ABC @CBS‚Ä¶,199,@CBS
0.0,2018-04-29 02:19:15+00:00,1.0,0.0,0.0,@SenSchumer @SenateGOP @SenateDems @abcnews @cbs @nbc @foxnews @seanhannity @EricHolder https://t.co/OJeAC9xUIJ,200,@CBS
-0.572,2018-04-29 02:18:20+00:00,0.821,0.179,0.0,@FoxNews U @cnn @ABC @NBC @CBS @MSNBC main stream media and extreme leftest communisTIC hate  speech towards a duly‚Ä¶ https://t.co/yOiq8EvajO,201,@CBS
0.712,2018-04-29 02:17:44+00:00,0.846,0.0,0.154,"RT @4WCowgirl: Did you hear us in Michigan @CNN @NBC @CBS @ABC ? That`s how all of us feel in the ""fly over zone' We LOVE our President, yo‚Ä¶",202,@CBS
-0.273,2018-04-29 02:16:12+00:00,0.9,0.1,0.0,"This is why @CBS needs to just stick to reporting politics and news, and drop their sports section completelyüê∏‚òï https://t.co/H2lb7otnVY",203,@CBS
0.0,2018-04-29 02:15:51+00:00,1.0,0.0,0.0,RT @LorieC13: @DarkOpsSquirrel @DebWhitley7 @Education4Libs @realDonaldTrump @Fuctupmind @bbusa617 @BillSpadea @ColoradoGirl2A @twistedhumo‚Ä¶,204,@CBS
0.621,2018-04-29 02:14:54+00:00,0.816,0.0,0.184,@CBS Just finished season 4 of @ScorpionCBS!! Still processing the last few moments! Really hope it gets renewed fo‚Ä¶ https://t.co/lDEicvQgPv,205,@CBS
-0.292,2018-04-29 02:13:21+00:00,0.892,0.108,0.0,"just call me Root b****!
#PersonOfInterest
#POI6
@CBS we miss them! Just bring #RootandShaw backüôè
Art by yiyuan412 https://t.co/VNJVEcSLtG",206,@CBS
0.0,2018-04-29 02:12:32+00:00,1.0,0.0,0.0,@FranAlva1k @ShowboatBob @RandallKraft @EnyartMike @Manuel_Labor__ @lolam1222 @BellybeanK @wisconsinGodsPl‚Ä¶ https://t.co/AjQd2RuKPn,207,@CBS
-0.727,2018-04-29 02:11:48+00:00,0.663,0.337,0.0,"Suspect in off-duty San Bernardino sheriff's deputy's death is a 'career criminal,' authorities say‚Ä¶ https://t.co/tPjPadionh",208,@CBS
-0.86,2018-04-29 02:11:36+00:00,0.641,0.359,0.0,"RT @CharlesOrtel: which happens faster: Hell freezes over, or FAKE NEWS @CNN, @MSNBC @ABC @NBC @CBS @BBC asks @ChelseaClinton @HillaryClint‚Ä¶",209,@CBS
0.0,2018-04-29 02:08:53+00:00,1.0,0.0,0.0,@DarkOpsSquirrel @DebWhitley7 @Education4Libs @realDonaldTrump @Fuctupmind @bbusa617 @BillSpadea @ColoradoGirl2A‚Ä¶ https://t.co/eJz5KIb3gs,210,@CBS
0.0,2018-04-29 02:07:39+00:00,1.0,0.0,0.0,@cnn @msnbc @maddow @CNNPolitics @ABCPolitics @ABC @CBSNews @NBCNews @CBSTweet @CBS @nbc @realDonaldTrump @cnnbrk‚Ä¶ https://t.co/TvxOGwq1HO,211,@CBS
0.477,2018-04-29 02:06:40+00:00,0.819,0.0,0.181,""" News "" hyperventilating over Trump not going to #WhiteHouseCorrespondentsDinner but SILENT about him giving bombs‚Ä¶ https://t.co/IgzFGKYzjV",212,@CBS
0.224,2018-04-29 02:06:36+00:00,0.623,0.203,0.174,"RT @DarkOpsSquirrel: Make no mistake about it, this president is one of the greatest ever!
@Education4Libs 
@realDonaldTrump 
@Fuctupmind‚Ä¶",213,@CBS
0.0,2018-04-29 02:06:33+00:00,1.0,0.0,0.0,@cnn @msnbc @maddow @CNNPolitics @ABCPolitics @ABC @CBSNews @NBCNews @CBSTweet @CBS @nbc @realDonaldTrump @cnnbrk‚Ä¶ https://t.co/JeG8KRUtTO,214,@CBS
0.224,2018-04-29 02:06:28+00:00,0.623,0.203,0.174,"RT @DarkOpsSquirrel: Make no mistake about it, this president is one of the greatest ever!
@Education4Libs 
@realDonaldTrump 
@Fuctupmind‚Ä¶",215,@CBS
-0.511,2018-04-29 02:05:38+00:00,0.852,0.148,0.0,@MZHemingway @BuckSexton @NBC @ABC @CBS &amp; @CNN all have failed the American ppl &amp; especially children who are snare‚Ä¶ https://t.co/c47cjYNpu8,216,@CBS
0.572,2018-04-29 02:04:18+00:00,0.817,0.0,0.183,"RT @DDRANTE: Wowwwww
Wish I can go SanFran
But I'm still in Las Vegas

I guarantee y'all $FUSZ @nFuszInc 
Will deliver again üíØ%
@cnbc @cnn‚Ä¶",217,@CBS
0.402,2018-04-29 02:04:03+00:00,0.876,0.0,0.124,RT @Piranaz143: @DDRANTE @nFuszInc @CNBC @CNN @TechCrunch @nytimes @Oracle @USATODAY @Reuters @CBS @GMA Wish I could to man.   But that dam‚Ä¶,218,@CBS
0.0,2018-04-29 01:59:53+00:00,1.0,0.0,0.0,"@SickMuse22 @pattonoswalt @48hours @CBS you probably should wait because it might be revised due to recent events.

#48hours",219,@CBS
0.224,2018-04-29 01:59:48+00:00,0.623,0.203,0.174,"RT @DarkOpsSquirrel: Make no mistake about it, this president is one of the greatest ever!
@Education4Libs 
@realDonaldTrump 
@Fuctupmind‚Ä¶",220,@CBS
0.0,2018-04-29 01:58:58+00:00,1.0,0.0,0.0,NOW on to ANOTHER new story after the commercial. #48hours @48hours @CBS,221,@CBS
0.0,2018-04-29 01:58:36+00:00,1.0,0.0,0.0,"RT @PatriotTamme: ------    #ReleaseTheNames of the Congressmen we have paid on their behalf in over $17 million in sex cases.
@realDonaldT‚Ä¶",222,@CBS
0.678,2018-04-29 01:58:17+00:00,0.763,0.0,0.237,"I have to get that book, @pattonoswalt! Thank you for helping have her book published! You got him, Michelle! #RIP‚Ä¶ https://t.co/MGOlttGmUq",223,@CBS
0.494,2018-04-29 01:54:19+00:00,0.824,0.0,0.176,@Luke4Tech @cjharrispretzer @RealJack @CNN @MSNBC @ABC @CBS @realDonaldTrump I don‚Äôt care whether the MSM choose to‚Ä¶ https://t.co/zJOTIwPFc9,224,@CBS
0.708,2018-04-29 01:53:30+00:00,0.731,0.0,0.269,OMG! The #GoldenStateKiller has been active longer than I've been alive! Can't believe he outlived Michelle McNamar‚Ä¶ https://t.co/Q9QXLqqT43,225,@CBS
0.0,2018-04-29 01:53:11+00:00,1.0,0.0,0.0,"RT @petefrt: FULL EVENT: President Donald Trump MASSIVE Rally in Washington, Michigan - April 28, 2018

ICYMI @abc @cbs @nbc @cnn @pbs @msn‚Ä¶",226,@CBS
0.224,2018-04-29 01:51:41+00:00,0.623,0.203,0.174,"RT @DarkOpsSquirrel: Make no mistake about it, this president is one of the greatest ever!
@Education4Libs 
@realDonaldTrump 
@Fuctupmind‚Ä¶",227,@CBS
0.224,2018-04-29 01:51:29+00:00,0.623,0.203,0.174,"RT @DarkOpsSquirrel: Make no mistake about it, this president is one of the greatest ever!
@Education4Libs 
@realDonaldTrump 
@Fuctupmind‚Ä¶",228,@CBS
0.414,2018-04-29 01:50:53+00:00,0.611,0.134,0.255,"@Trizzio @CBS I never miss an episode , because I wouldn't see Your Beauty !‚ò∫Ô∏è PhanTom USA Stay Awesome Girl üòò",229,@CBS
0.817,2018-04-29 01:49:32+00:00,0.691,0.0,0.309,"RT @ofmyships: I need #CagneyandLacey to be picked up @CBS . Please make that possible. Because well, she.. she is more than amazing. ‚ù§ htt‚Ä¶",230,@CBS
0.0,2018-04-29 01:49:29+00:00,1.0,0.0,0.0,RT @ConspiracyfactP: #FakeNews .@MSNBC .@maddow .@NBCNews .@ABC .@CBSNews .@ABCNetwork .@nbc .@CBS .@katyperry .@justinbieber .@johnlegend‚Ä¶,231,@CBS
-0.66,2018-04-29 01:49:13+00:00,0.784,0.216,0.0,I think he started killing men and women to throw law enforcement off his trail. #48hours @48hours @CBS,232,@CBS
0.224,2018-04-29 01:48:17+00:00,0.623,0.203,0.174,"RT @DarkOpsSquirrel: Make no mistake about it, this president is one of the greatest ever!
@Education4Libs 
@realDonaldTrump 
@Fuctupmind‚Ä¶",233,@CBS
0.758,2018-04-29 01:48:15+00:00,0.698,0.0,0.302,RT @6940717: Please renew Scorpion for a fifth season I love the show @CBS @ScorpionCBS @ElyesGabel @katharinemcphee @robertpatrickT2 @FCEK‚Ä¶,234,@CBS
0.0,2018-04-29 01:47:16+00:00,1.0,0.0,0.0,@Fanofdalesr @SickMuse22 @48hours @CBS ü§£ü§£ü§£,235,@CBS
0.702,2018-04-29 01:46:43+00:00,0.691,0.0,0.309,@nytopinion @realDonaldTrump doesn't hang with LOSERS like @nytimes @NBCNews @ABC @CBS it's #AmericaFirst mofos https://t.co/FGd1Dy7fhI,236,@CBS
0.0,2018-04-29 01:45:52+00:00,1.0,0.0,0.0,RT @WoodhamRoyce: @DarkOpsSquirrel @ColoradoGirl2A @Education4Libs @realDonaldTrump @Fuctupmind @bbusa617 @BillSpadea @twistedhumor63 @Elde‚Ä¶,237,@CBS
0.0,2018-04-29 01:45:43+00:00,1.0,0.0,0.0,@ClubDie @SickMuse22 @48hours @CBS Because Texas has an express lane!,238,@CBS
-0.508,2018-04-29 01:44:31+00:00,0.846,0.154,0.0,"@Fanofdalesr @SickMuse22 @48hours @CBS damn!  he should of been living in florida or texas when he got caught !

#48hours",239,@CBS
0.0,2018-04-29 01:44:24+00:00,1.0,0.0,0.0,@DarkOpsSquirrel @Education4Libs @realDonaldTrump @Fuctupmind @bbusa617 @BillSpadea @ColoradoGirl2A @ElderLansing‚Ä¶ https://t.co/oRzLdnjRYJ,240,@CBS
0.292,2018-04-29 01:44:16+00:00,0.873,0.0,0.127,"Why one Philly elementary school is paying kids not to fight https://t.co/64bOyCUT41 via @philly.com
@ShaunKing‚Ä¶ https://t.co/KNMKAaIxW5",241,@CBS
0.511,2018-04-29 01:44:06+00:00,0.829,0.0,0.171,"@Trizzio @Neil_Druckmann @CBS @MacGyverCBS Tristin I've never seen You before MacGyver, I've always enjoyed the old‚Ä¶ https://t.co/XWlzSE288P",242,@CBS
0.0,2018-04-29 01:43:34+00:00,1.0,0.0,0.0,RT @CherubimResists: @Khalibimrevenge @anoncontent @QanonPosts @shashatheitch22 @AJEnglish @swnsasy @AngryandAsian @42Gnome @CNN @ABC @CBS‚Ä¶,243,@CBS
0.224,2018-04-29 01:43:12+00:00,0.623,0.203,0.174,"RT @DarkOpsSquirrel: Make no mistake about it, this president is one of the greatest ever!
@Education4Libs 
@realDonaldTrump 
@Fuctupmind‚Ä¶",244,@CBS
0.0,2018-04-29 01:42:39+00:00,1.0,0.0,0.0,"RT @PatriotTamme: ------    #ReleaseTheNames of the Congressmen we have paid on their behalf in over $17 million in sex cases.
@realDonaldT‚Ä¶",245,@CBS
0.817,2018-04-29 01:42:14+00:00,0.691,0.0,0.309,"RT @ofmyships: I need #CagneyandLacey to be picked up @CBS . Please make that possible. Because well, she.. she is more than amazing. ‚ù§ htt‚Ä¶",246,@CBS
0.0,2018-04-29 01:41:25+00:00,1.0,0.0,0.0,RT @GeeNole11: @CBS I wouldn't watch Stephen Colbert if he was giving-out money to viewers! #FakeNotFunny,247,@CBS
0.224,2018-04-29 01:40:40+00:00,0.623,0.203,0.174,"RT @DarkOpsSquirrel: Make no mistake about it, this president is one of the greatest ever!
@Education4Libs 
@realDonaldTrump 
@Fuctupmind‚Ä¶",248,@CBS
0.0,2018-04-29 01:40:30+00:00,1.0,0.0,0.0,@ClubDie @SickMuse22 @48hours @CBS I don‚Äôt think so. Think they overturned it in the early 70‚Äôs. Reason Manson went‚Ä¶ https://t.co/qmkatPURWs,249,@CBS
0.0,2018-04-29 01:39:29+00:00,1.0,0.0,0.0,RT @CherubimResists: @Khalibimrevenge @anoncontent @QanonPosts @shashatheitch22 @AJEnglish @swnsasy @AngryandAsian @42Gnome @CNN @ABC @CBS‚Ä¶,250,@CBS
0.0,2018-04-29 01:39:14+00:00,1.0,0.0,0.0,"RT @petefrt: FULL EVENT: President Donald Trump MASSIVE Rally in Washington, Michigan - April 28, 2018

ICYMI @abc @cbs @nbc @cnn @pbs @msn‚Ä¶",251,@CBS
0.562,2018-04-29 01:38:57+00:00,0.644,0.149,0.207,"RT @SickMuse22: I'm devastated by what the victims of the #GoldenStateKiller went through, but I'm so proud of the survivors... Inspiring!‚Ä¶",252,@CBS
0.712,2018-04-29 01:38:41+00:00,0.846,0.0,0.154,"RT @4WCowgirl: Did you hear us in Michigan @CNN @NBC @CBS @ABC ? That`s how all of us feel in the ""fly over zone' We LOVE our President, yo‚Ä¶",253,@CBS
0.0,2018-04-29 01:37:59+00:00,1.0,0.0,0.0,"RT @petefrt: FULL EVENT: President Donald Trump MASSIVE Rally in Washington, Michigan - April 28, 2018

ICYMI @abc @cbs @nbc @cnn @pbs @msn‚Ä¶",254,@CBS
0.0,2018-04-29 01:37:29+00:00,1.0,0.0,0.0,@cnn @msnbc @maddow @CNNPolitics @ABCPolitics @ABC @CBSNews @NBCNews @CBSTweet @CBS @nbc @realDonaldTrump @cnnbrk‚Ä¶ https://t.co/34mjLS8xR4,255,@CBS
0.0,2018-04-29 01:37:06+00:00,1.0,0.0,0.0,@cnn @msnbc @maddow @CNNPolitics @ABCPolitics @ABC @CBSNews @NBCNews @CBSTweet @CBS @nbc @realDonaldTrump @cnnbrk‚Ä¶ https://t.co/qdR6Fn9dut,256,@CBS
-0.222,2018-04-29 01:36:58+00:00,0.685,0.155,0.159,@SickMuse22 @48hours @CBS i think the good thing is that the killer didnt hide any bodies.  so the d.a. wont be doi‚Ä¶ https://t.co/PUzsBhnPFj,257,@CBS
0.0,2018-04-29 01:36:42+00:00,1.0,0.0,0.0,@cnn @msnbc @maddow @CNNPolitics @ABCPolitics @ABC @CBSNews @NBCNews @CBSTweet @CBS @nbc @realDonaldTrump @cnnbrk‚Ä¶ https://t.co/iHogSljfLQ,258,@CBS
0.0,2018-04-29 01:36:27+00:00,1.0,0.0,0.0,"RT @petefrt: FULL EVENT: President Donald Trump MASSIVE Rally in Washington, Michigan - April 28, 2018

ICYMI @abc @cbs @nbc @cnn @pbs @msn‚Ä¶",259,@CBS
0.712,2018-04-29 01:36:19+00:00,0.846,0.0,0.154,"RT @4WCowgirl: Did you hear us in Michigan @CNN @NBC @CBS @ABC ? That`s how all of us feel in the ""fly over zone' We LOVE our President, yo‚Ä¶",260,@CBS
0.0,2018-04-29 01:36:13+00:00,1.0,0.0,0.0,@cnn @msnbc @maddow @CNNPolitics @ABCPolitics @ABC @CBSNews @NBCNews @CBSTweet @CBS @nbc @realDonaldTrump @cnnbrk‚Ä¶ https://t.co/RlgrtKAZza,261,@CBS
0.562,2018-04-29 01:36:08+00:00,0.644,0.149,0.207,"RT @SickMuse22: I'm devastated by what the victims of the #GoldenStateKiller went through, but I'm so proud of the survivors... Inspiring!‚Ä¶",262,@CBS
0.0,2018-04-29 01:35:39+00:00,1.0,0.0,0.0,@cnn @msnbc @maddow @CNNPolitics @ABCPolitics @ABC @CBSNews @NBCNews @CBSTweet @CBS @nbc @realDonaldTrump @cnnbrk‚Ä¶ https://t.co/Se3KdW2a4g,263,@CBS
0.09,2018-04-29 01:35:29+00:00,0.674,0.177,0.149,"@CBSNews ""news"" didn't report over 41 Palestinian Protesters killed by IDF snipers- but did air DC Party , weather‚Ä¶ https://t.co/ETn9dQFJ8y",264,@CBS
0.562,2018-04-29 01:35:14+00:00,0.644,0.149,0.207,"RT @SickMuse22: I'm devastated by what the victims of the #GoldenStateKiller went through, but I'm so proud of the survivors... Inspiring!‚Ä¶",265,@CBS
0.712,2018-04-29 01:35:11+00:00,0.846,0.0,0.154,"RT @4WCowgirl: Did you hear us in Michigan @CNN @NBC @CBS @ABC ? That`s how all of us feel in the ""fly over zone' We LOVE our President, yo‚Ä¶",266,@CBS
0.712,2018-04-29 01:35:04+00:00,0.846,0.0,0.154,"RT @4WCowgirl: Did you hear us in Michigan @CNN @NBC @CBS @ABC ? That`s how all of us feel in the ""fly over zone' We LOVE our President, yo‚Ä¶",267,@CBS
0.0,2018-04-29 01:35:03+00:00,1.0,0.0,0.0,@DarkOpsSquirrel @ColoradoGirl2A @Education4Libs @realDonaldTrump @Fuctupmind @bbusa617 @BillSpadea @twistedhumor63‚Ä¶ https://t.co/KQSksHobD5,268,@CBS
0.0,2018-04-29 01:35:03+00:00,1.0,0.0,0.0,@cnn @msnbc @maddow @CNNPolitics @ABCPolitics @ABC @CBSNews @NBCNews @CBSTweet @CBS @nbc @realDonaldTrump @cnnbrk‚Ä¶ https://t.co/0Ku0ldF2Mc,269,@CBS
0.817,2018-04-29 01:34:52+00:00,0.691,0.0,0.309,"RT @ofmyships: I need #CagneyandLacey to be picked up @CBS . Please make that possible. Because well, she.. she is more than amazing. ‚ù§ htt‚Ä¶",270,@CBS
0.517,2018-04-29 01:34:47+00:00,0.638,0.156,0.206,"I'm devastated by what the victims of the #GoldenStateKiller went through, but I'm so proud of the survivors... Ins‚Ä¶ https://t.co/LzlhnpRHJH",271,@CBS
-0.649,2018-04-29 01:34:37+00:00,0.719,0.281,0.0,@CBS  ‚Äòs 48 Hours is bringing it on The Golden State Killer,272,@CBS
0.0,2018-04-29 01:34:02+00:00,1.0,0.0,0.0,"RT @cnewlms1: REPORT THE CORRUPT CLINTONS
  @CNNPolitics @CNN @ABC @abcnews @ABCPolitics @CBSNews @CBS @NBCNews @MSNBC https://t.co/ggs6iAE‚Ä¶",273,@CBS
0.0,2018-04-29 01:34:01+00:00,1.0,0.0,0.0,"RT @petefrt: FULL EVENT: President Donald Trump MASSIVE Rally in Washington, Michigan - April 28, 2018

ICYMI @abc @cbs @nbc @cnn @pbs @msn‚Ä¶",274,@CBS
0.224,2018-04-29 01:33:46+00:00,0.623,0.203,0.174,"RT @DarkOpsSquirrel: Make no mistake about it, this president is one of the greatest ever!
@Education4Libs 
@realDonaldTrump 
@Fuctupmind‚Ä¶",275,@CBS
0.0,2018-04-29 01:33:43+00:00,1.0,0.0,0.0,RT @CherubimResists: @Khalibimrevenge @anoncontent @QanonPosts @shashatheitch22 @AJEnglish @swnsasy @AngryandAsian @42Gnome @CNN @ABC @CBS‚Ä¶,276,@CBS
0.0,2018-04-29 01:33:30+00:00,1.0,0.0,0.0,@Khalibimrevenge @anoncontent @QanonPosts @shashatheitch22 @AJEnglish @swnsasy @AngryandAsian @42Gnome @CNN @ABC‚Ä¶ https://t.co/6ZLwr37x2N,277,@CBS
0.0,2018-04-29 01:33:24+00:00,1.0,0.0,0.0,@williamcraddick @DavidForTrump https://t.co/PsteJ4tvUL  @CNNPolitics @TamronMSNBC @CBS @JoeNBC @abcnews‚Ä¶ https://t.co/0L9XB2h96X,278,@CBS
0.0,2018-04-29 01:33:17+00:00,1.0,0.0,0.0,"REPORT THE CORRUPT CLINTONS
  @CNNPolitics @CNN @ABC @abcnews @ABCPolitics @CBSNews @CBS @NBCNews @MSNBC https://t.co/ggs6iAEmwl",279,@CBS
-0.759,2018-04-29 01:31:08+00:00,0.763,0.237,0.0,@Liz_Wheeler It is an absolute tragedy what happened to the baby. It does not fit in my mind how the government or‚Ä¶ https://t.co/UGC176f8XQ,280,@CBS
0.224,2018-04-29 01:30:32+00:00,0.623,0.203,0.174,"RT @DarkOpsSquirrel: Make no mistake about it, this president is one of the greatest ever!
@Education4Libs 
@realDonaldTrump 
@Fuctupmind‚Ä¶",281,@CBS
0.402,2018-04-29 01:30:23+00:00,0.856,0.0,0.144,@DDRANTE @nFuszInc @CNBC @CNN @TechCrunch @nytimes @Oracle @USATODAY @Reuters @CBS @GMA Wish I could to man.   But‚Ä¶ https://t.co/gTxUclMPw4,282,@CBS
0.0,2018-04-29 01:30:07+00:00,1.0,0.0,0.0,"FULL EVENT: President Donald Trump MASSIVE Rally in Washington, Michigan - April 28, 2018

ICYMI @abc @cbs @nbc‚Ä¶ https://t.co/bGFU8jsDef",283,@CBS
0.572,2018-04-29 01:29:56+00:00,0.817,0.0,0.183,"RT @DDRANTE: Wowwwww
Wish I can go SanFran
But I'm still in Las Vegas

I guarantee y'all $FUSZ @nFuszInc 
Will deliver again üíØ%
@cnbc @cnn‚Ä¶",284,@CBS
0.224,2018-04-29 01:27:50+00:00,0.623,0.203,0.174,"RT @DarkOpsSquirrel: Make no mistake about it, this president is one of the greatest ever!
@Education4Libs 
@realDonaldTrump 
@Fuctupmind‚Ä¶",285,@CBS
0.572,2018-04-29 01:26:05+00:00,0.793,0.0,0.207,"Wowwwww
Wish I can go SanFran
But I'm still in Las Vegas

I guarantee y'all $FUSZ @nFuszInc 
Will deliver again üíØ%‚Ä¶ https://t.co/OcM4JZqsh9",286,@CBS
0.0,2018-04-29 01:22:52+00:00,1.0,0.0,0.0,RT @tulumello2011: @foramericaagain @JusticeEdition @MikeWick9 @LouDobbs @realDonaldTrump @JohnBrennan @CNN @jaketapper @MSNBC @FoxNews @je‚Ä¶,287,@CBS
0.712,2018-04-29 01:22:33+00:00,0.835,0.0,0.165,"Did you hear us in Michigan @CNN @NBC @CBS @ABC ? That`s how all of us feel in the ""fly over zone' We LOVE our Pres‚Ä¶ https://t.co/BpWEQ9OkB2",288,@CBS
0.817,2018-04-29 01:22:06+00:00,0.691,0.0,0.309,"RT @ofmyships: I need #CagneyandLacey to be picked up @CBS . Please make that possible. Because well, she.. she is more than amazing. ‚ù§ htt‚Ä¶",289,@CBS
0.0,2018-04-29 01:20:27+00:00,1.0,0.0,0.0,"RT @D_S_Cantu: #RockTheVote y'all's!  Get it @BetoORourke!
#FireHannity #FireIngraham #FirePruitt
#BoycottFoxNews
#BoycottNRA 
@abc @cnn @c‚Ä¶",290,@CBS
0.0,2018-04-29 01:19:29+00:00,1.0,0.0,0.0,#CBS.com #Laptop2TV S1E17 ‚Äî I'm watching Seal Team @SealTeamCBS #SealTeamCBS @CBS #CBS via @TelfieApp #Telfie https://t.co/ZShMTevIBc,291,@CBS
0.224,2018-04-29 01:19:12+00:00,0.623,0.203,0.174,"RT @DarkOpsSquirrel: Make no mistake about it, this president is one of the greatest ever!
@Education4Libs 
@realDonaldTrump 
@Fuctupmind‚Ä¶",292,@CBS
0.0,2018-04-29 01:19:08+00:00,1.0,0.0,0.0,RT @blesamerica: @true_pundit @MSNBC @WSJ @ABC @CBS @thehill @nytimes @latimes @dcexaminer @BBCWorld @TheSun @washingtonpost @SkyNews @AP @‚Ä¶,293,@CBS
-0.44,2018-04-29 01:18:51+00:00,0.868,0.132,0.0,Devin Nunes should be hung for Treason along with Kushner &amp; Don Jr @realDonaldTrump @cnn @msnbc @cnbc @foxnews @ABC‚Ä¶ https://t.co/cL15FtioBk,294,@CBS
0.0,2018-04-29 01:18:18+00:00,1.0,0.0,0.0,RT @blesamerica: @Senschumer @NancyPelosi @MaxineWaters @AdamSchiffCA @MarkWarner @RepSwalwell @HouseDemocrats @SenateDems @DNC @CNN @MSNBC‚Ä¶,295,@CBS
0.85,2018-04-29 02:22:44+00:00,0.602,0.0,0.398,RT @kjs33928: @ofctimallen Very fun and creative series.  Someone like @Fox @FoxBusiness should pick you up.... #LastManStanding,296,@FOX
0.0,2018-04-29 02:04:37+00:00,1.0,0.0,0.0,@fox isn't showing the correspondents dinner. Of course not because they aren't journalists!,297,@FOX
0.0,2018-04-29 02:04:16+00:00,1.0,0.0,0.0,RT @davisallen46: @cccele4eva @wrs1260 @jimbo_always @Libra5405 @TrumpHappiest @Debbiematteo1 @RealBiddle @003a04f8c2054b7 @mkeil7274 @PJZi‚Ä¶,298,@FOX
0.0,2018-04-29 02:04:13+00:00,1.0,0.0,0.0,RT @cccele4eva: @wrs1260 @jimbo_always @Libra5405 @TrumpHappiest @Debbiematteo1 @RealBiddle @003a04f8c2054b7 @mkeil7274 @PJZive @BurnettOfL‚Ä¶,299,@FOX
-0.557,2018-04-29 01:59:44+00:00,0.723,0.277,0.0,@ladyeng48 @ElisMadison @fox It‚Äôs all just noise and nonsense that‚Äôs forgotten within hours anyways.,300,@FOX
0.0,2018-04-29 01:52:01+00:00,1.0,0.0,0.0,@cccele4eva @wrs1260 @jimbo_always @Libra5405 @TrumpHappiest @Debbiematteo1 @RealBiddle @003a04f8c2054b7 @mkeil7274‚Ä¶ https://t.co/yKW6U4nAQI,301,@FOX
0.0,2018-04-29 01:48:20+00:00,1.0,0.0,0.0,RT @cccele4eva: @wrs1260 @jimbo_always @Libra5405 @TrumpHappiest @Debbiematteo1 @RealBiddle @003a04f8c2054b7 @mkeil7274 @PJZive @BurnettOfL‚Ä¶,302,@FOX
0.0,2018-04-29 01:47:10+00:00,1.0,0.0,0.0,RT @cccele4eva: @wrs1260 @jimbo_always @Libra5405 @TrumpHappiest @Debbiematteo1 @RealBiddle @003a04f8c2054b7 @mkeil7274 @PJZive @BurnettOfL‚Ä¶,303,@FOX
0.0,2018-04-29 01:46:47+00:00,1.0,0.0,0.0,RT @wrs1260: @jimbo_always @Libra5405 @TrumpHappiest @Debbiematteo1 @RealBiddle @003a04f8c2054b7 @mkeil7274 @PJZive @BurnettOfLeysM @GIT_ER‚Ä¶,304,@FOX
0.807,2018-04-29 01:46:41+00:00,0.723,0.0,0.277,"RT @KKpower7: One strong woman!  .@nikkihaley excellent representation &amp; fierce on the #UN frontline 

‚ÄúHistory will record that, on this d‚Ä¶",305,@FOX
0.0,2018-04-29 01:46:35+00:00,1.0,0.0,0.0,@wrs1260 @jimbo_always @Libra5405 @TrumpHappiest @Debbiematteo1 @RealBiddle @003a04f8c2054b7 @mkeil7274 @PJZive‚Ä¶ https://t.co/AvXxrb5aV9,306,@FOX
0.807,2018-04-29 01:44:00+00:00,0.723,0.0,0.277,"RT @KKpower7: One strong woman!  .@nikkihaley excellent representation &amp; fierce on the #UN frontline 

‚ÄúHistory will record that, on this d‚Ä¶",307,@FOX
0.807,2018-04-29 01:35:58+00:00,0.723,0.0,0.277,"RT @KKpower7: One strong woman!  .@nikkihaley excellent representation &amp; fierce on the #UN frontline 

‚ÄúHistory will record that, on this d‚Ä¶",308,@FOX
0.402,2018-04-29 01:35:57+00:00,0.895,0.0,0.105,"RT @Evilpa: .@Fox News Your crawl says #AlfieEvans life support was removed, s/ include they took away food &amp; water too.  #Great Britain &amp;‚Ä¶",309,@FOX
0.807,2018-04-29 01:34:30+00:00,0.723,0.0,0.277,"RT @KKpower7: One strong woman!  .@nikkihaley excellent representation &amp; fierce on the #UN frontline 

‚ÄúHistory will record that, on this d‚Ä¶",310,@FOX
0.807,2018-04-29 01:34:05+00:00,0.723,0.0,0.277,"RT @KKpower7: One strong woman!  .@nikkihaley excellent representation &amp; fierce on the #UN frontline 

‚ÄúHistory will record that, on this d‚Ä¶",311,@FOX
-0.338,2018-04-29 01:34:00+00:00,0.883,0.117,0.0,RT @OneMain: Game on at @TXMotorSpeedway! Watch @Elliott_Sadler conquer the Lone Star State today at 3 pm on @FOX. https://t.co/3dPy3JFG0B‚Ä¶,312,@FOX
0.0,2018-04-29 01:33:26+00:00,1.0,0.0,0.0,@jimbo_always @Libra5405 @TrumpHappiest @Debbiematteo1 @RealBiddle @003a04f8c2054b7 @mkeil7274 @PJZive‚Ä¶ https://t.co/WBvCnGDNQ1,313,@FOX
0.612,2018-04-29 01:23:40+00:00,0.75,0.0,0.25,"#Democrats are good at identity politics, exactly what @JoyAnnReid does well. Her homophobic words directly contrad‚Ä¶ https://t.co/A5S0Gy67iX",314,@FOX
-0.338,2018-04-29 01:23:02+00:00,0.854,0.146,0.0,"‚Äú#Drive-Safe !@Lamborghini cut in half after crashing into light pole, authorities say - @Fox News https://t.co/S2N9lCx7B9",315,@FOX
0.621,2018-04-29 01:16:41+00:00,0.797,0.0,0.203,I hope we get a ratings report.  How many people watched Trump and @fox news vs. Correspondents dinner!!!!‚Ä¶ https://t.co/PuIofDCWCW,316,@FOX
-0.556,2018-04-29 01:09:18+00:00,0.841,0.159,0.0,"RT @darylfrazetti: @bititup @gothamshale ""Failure is not an option""...we go all Jerome on the folks at Fox ! #RenewGothamSeason5 @Gotham @f‚Ä¶",317,@FOX
-0.36,2018-04-29 01:05:36+00:00,0.872,0.128,0.0,"@JohnCooper0610 We switched channels. Went to CSPAN, with no commentary! Only listening to üá∫üá∏Trump, not @Fox hacks‚Ä¶ https://t.co/iFoDFpKJ18",318,@FOX
0.0,2018-04-29 01:04:57+00:00,1.0,0.0,0.0,RT @elianagb8: @miryam_oss @HazalKaya110 @cagatayulusoyy @ayyapim @enginaykanat @netflixturkiye @03Medya @tvgastesi @HazalKaya110  @cagatay‚Ä¶,319,@FOX
0.0,2018-04-29 01:03:04+00:00,1.0,0.0,0.0,Just Checked Tonights #SNL @nbcsnl is a repeat. Was looking forward to a Spoof of @realDonaldTrump on @fox üòóü§£üò¢,320,@FOX
-0.572,2018-04-29 00:49:28+00:00,0.837,0.163,0.0,Trump is trying to pull a scam on defunding Community Colleges and put the money into private vocational schools th‚Ä¶ https://t.co/FLPJFmBRli,321,@FOX
0.402,2018-04-29 00:45:48+00:00,0.876,0.0,0.124,".@Fox News Your crawl says #AlfieEvans life support was removed, s/ include they took away food &amp; water too.‚Ä¶ https://t.co/pYwGvrgQhQ",322,@FOX
0.599,2018-04-29 00:40:14+00:00,0.769,0.0,0.231,@HARRISFAULKNER @OutnumberedOT @TonyBerlinMedia @HarperCollins You look beautiful. Whenever I see you on @Fox I thi‚Ä¶ https://t.co/sIePbH6ldq,323,@FOX
-0.852,2018-04-29 00:31:21+00:00,0.671,0.329,0.0,@krassenstein @lbpyyz he's lying again. if he knew anything he would have called up @fox&amp; idiots to scream about it. Man's a Moron.,324,@FOX
-0.202,2018-04-29 00:18:50+00:00,0.721,0.159,0.12,"@LarrySabato Twitter about the same: @MSNBC's Reid apologizes for homophobic comments she didn‚Äôt make; failed ""Geo‚Ä¶ https://t.co/kndtLSNVQ5",325,@FOX
-0.296,2018-04-29 00:13:26+00:00,0.901,0.099,0.0,"RT @MarinaGonzlezn3: El tiempo no tiene paso en nosotros, esperaremos lo que tengamos que esperar por un nuevo proyecto juntos @HazalKaya11‚Ä¶",326,@FOX
-0.952,2018-04-29 00:11:00+00:00,0.307,0.693,0.0,@realDonaldTrump @FoxNews Um no. Hell no. Hell to the no @FOX Trumpian babbling rants.,327,@FOX
0.459,2018-04-29 00:10:04+00:00,0.64,0.122,0.238,"RT @aesopgalt: #TrumpRally
Great job @Fox news
Drop the feed on the rally?",328,@FOX
0.0,2018-04-29 00:07:44+00:00,1.0,0.0,0.0,RT @elianagb8: @miryam_oss @HazalKaya110 @cagatayulusoyy @ayyapim @enginaykanat @netflixturkiye @03Medya @tvgastesi @HazalKaya110  @cagatay‚Ä¶,329,@FOX
-0.273,2018-04-29 00:03:37+00:00,0.811,0.189,0.0,"@aesopgalt @fox trump was rambling, they had to cut out",330,@FOX
0.459,2018-04-29 00:02:19+00:00,0.592,0.138,0.27,"#TrumpRally
Great job @Fox news
Drop the feed on the rally?",331,@FOX
0.318,2018-04-28 23:47:32+00:00,0.892,0.0,0.108,RT @Chrissygreen12: @marthamaccallum @edhenry @FoxNews @BretBaier Will somebody @fox please look at the MN Goverors race where the GOP elit‚Ä¶,332,@FOX
-0.296,2018-04-28 23:41:51+00:00,0.901,0.099,0.0,"RT @MarinaGonzlezn3: El tiempo no tiene paso en nosotros, esperaremos lo que tengamos que esperar por un nuevo proyecto juntos @HazalKaya11‚Ä¶",333,@FOX
-0.296,2018-04-28 23:41:36+00:00,0.901,0.099,0.0,"RT @MarinaGonzlezn3: El tiempo no tiene paso en nosotros, esperaremos lo que tengamos que esperar por un nuevo proyecto juntos @HazalKaya11‚Ä¶",334,@FOX
0.0,2018-04-28 23:34:04+00:00,1.0,0.0,0.0,@patientgrshppr @its_all__fake @Staceylford67 @rial_rocks @President1Trump @realDonaldTrump @FoxNews @GST_Politics @RSBN @fox #meto üòÇüòÇüòÇüòÇüòÇ,335,@FOX
0.0,2018-04-28 23:34:01+00:00,1.0,0.0,0.0,"RT @ThaBoxingVoice: We have So much #Boxing on Tonight! üî•üî•#Boxingfans 
@espn @trboxing
at 4pmPT 
@fox @premierboxing
5:30pmPT 
@ShowtimeBox‚Ä¶",336,@FOX
0.0,2018-04-28 23:32:09+00:00,1.0,0.0,0.0,@realDonaldTrump @FoxNews #MAGA @Fox news @realDonaldTrump #ERADICATE  #MKULTRA #ELECTRONICHARRASSMENT‚Ä¶ https://t.co/Qr5krLEbZt,337,@FOX
-0.527,2018-04-28 23:27:28+00:00,0.784,0.216,0.0,"@soledadobrien I hate how @NBC has ruined @oxygen channel 
Watching #Turpin13 but going to change channels to watch‚Ä¶ https://t.co/Isiq3LRtWo",338,@FOX
0.0,2018-04-28 23:23:37+00:00,1.0,0.0,0.0,@4TRUMPandTRUTH @fox @realDonaldTrump @foxandfriends He has signed #Section702 signed #FOSTA he keeps signing this‚Ä¶ https://t.co/CUOZkvlBI1,339,@FOX
0.524,2018-04-28 23:17:40+00:00,0.825,0.0,0.175,@Lisela36Graham @OMGno2trump @GOP @FoxNews Who‚Äôs calling who a meathead? Lol! Nothing burger in his mashed up head!‚Ä¶ https://t.co/zj4el6UC4A,340,@FOX
0.026,2018-04-28 23:14:01+00:00,0.717,0.14,0.143,@fox news is so antiTrump on Saturday.  Wow every time I‚Äôve turned to it today they were being negative about‚Ä¶ https://t.co/N6byDRVesu,341,@FOX
0.422,2018-04-28 23:13:31+00:00,0.741,0.0,0.259,@T_S_P_O_O_K_Y @CNN @MSNBC @ABC Lol .  You left out @FOX.,342,@FOX
-0.296,2018-04-28 23:11:20+00:00,0.901,0.099,0.0,"RT @MarinaGonzlezn3: El tiempo no tiene paso en nosotros, esperaremos lo que tengamos que esperar por un nuevo proyecto juntos @HazalKaya11‚Ä¶",343,@FOX
0.34,2018-04-28 23:09:18+00:00,0.815,0.0,0.185,@T_S_P_O_O_K_Y @Sarahchadwickk Well when Juan Williams from @fox uses the term ‚Äúcake walk‚Äù in a sentence describing‚Ä¶ https://t.co/v4T3BVOe5i,344,@FOX
0.0,2018-04-28 22:54:22+00:00,1.0,0.0,0.0,"We have So much #Boxing on Tonight! üî•üî•#Boxingfans 
@espn @trboxing
at 4pmPT 
@fox @premierboxing
5:30pmPT‚Ä¶ https://t.co/V65LEY44sD",345,@FOX
-0.296,2018-04-28 22:41:10+00:00,0.901,0.099,0.0,"RT @MarinaGonzlezn3: El tiempo no tiene paso en nosotros, esperaremos lo que tengamos que esperar por un nuevo proyecto juntos @HazalKaya11‚Ä¶",346,@FOX
0.0,2018-04-28 22:35:21+00:00,1.0,0.0,0.0,"RT @FootballUGA: ‚ÄúWith the eighth pick in the 2018 #NFLDraft¬†, the Chicago Bears select... Roquan Smith, linebacker, Georgia.‚Äù

üì∫: #NFLDraf‚Ä¶",347,@FOX
0.0,2018-04-28 22:34:39+00:00,1.0,0.0,0.0,@its_all__fake @Staceylford67 @rial_rocks @President1Trump @realDonaldTrump @FoxNews @GST_Politics @RSBN I have @fox on and twit same time,348,@FOX
0.0,2018-04-28 22:17:01+00:00,1.0,0.0,0.0,"Los comentaristas est√°n extra-explicativos en este #SaltLakeCitySX ya que, al ser emitido por @FOX, es m√°s que prob‚Ä¶ https://t.co/TxhI7ohvxu",349,@FOX
0.424,2018-04-28 22:14:39+00:00,0.597,0.125,0.278,@FoxNews @jeffmason1 @Fox News saying something less than supportive about Trump? I am truly shocked!,350,@FOX
-0.296,2018-04-28 22:12:11+00:00,0.896,0.104,0.0,"En directo desde el Rice-Eccles Stadium de Salt Lake City a trav√©s de @FOX (s√≠, FOX, no @FOXSports)... la pen√∫ltima‚Ä¶ https://t.co/0sRltEJeWV",351,@FOX
0.0,2018-04-28 22:04:04+00:00,1.0,0.0,0.0,"RT @FootballUGA: ‚ÄúWith the eighth pick in the 2018 #NFLDraft¬†, the Chicago Bears select... Roquan Smith, linebacker, Georgia.‚Äù

üì∫: #NFLDraf‚Ä¶",352,@FOX
-0.296,2018-04-28 21:59:58+00:00,0.901,0.099,0.0,"RT @MarinaGonzlezn3: El tiempo no tiene paso en nosotros, esperaremos lo que tengamos que esperar por un nuevo proyecto juntos @HazalKaya11‚Ä¶",353,@FOX
0.0,2018-04-28 21:59:28+00:00,1.0,0.0,0.0,"@kReEsTaL @fox You mention one side of visibility (the one for the speaker), but there is another - that was partic‚Ä¶ https://t.co/xhbqZ4j9DX",354,@FOX
0.0,2018-04-28 21:48:18+00:00,1.0,0.0,0.0,"RT @kReEsTaL: Why give a conference talk? But also, why not. https://t.co/hG41FMRId3 (via @fox)",355,@FOX
-0.296,2018-04-28 21:37:30+00:00,0.901,0.099,0.0,"RT @MarinaGonzlezn3: El tiempo no tiene paso en nosotros, esperaremos lo que tengamos que esperar por un nuevo proyecto juntos @HazalKaya11‚Ä¶",356,@FOX
-0.296,2018-04-28 21:33:57+00:00,0.901,0.099,0.0,"RT @MarinaGonzlezn3: El tiempo no tiene paso en nosotros, esperaremos lo que tengamos que esperar por un nuevo proyecto juntos @HazalKaya11‚Ä¶",357,@FOX
0.0,2018-04-28 21:30:53+00:00,1.0,0.0,0.0,@Shrillvoice @_SeanDean @FLOTUS @fox @realDonaldTrump  https://t.co/bra2fIZ1az,358,@FOX
-0.296,2018-04-28 21:30:02+00:00,0.901,0.099,0.0,"RT @MarinaGonzlezn3: El tiempo no tiene paso en nosotros, esperaremos lo que tengamos que esperar por un nuevo proyecto juntos @HazalKaya11‚Ä¶",359,@FOX
0.0,2018-04-28 21:25:46+00:00,1.0,0.0,0.0,"RT @smasm8688: #1Mayƒ±staKitlerKadroya 
Ta≈üerona m√ºjde verilsin artƒ±k 
@Akparti @RT_Erdogan @tcbestepe @TC_Basbakan @BA_Yildirim @jsarierogl‚Ä¶",360,@FOX
-0.103,2018-04-28 21:17:36+00:00,0.737,0.142,0.121,"@DeplorableNew @_SeanDean @FLOTUS @fox @realDonaldTrump :-) you have a problem with facetious identification and interpretation, don't you?",361,@FOX
0.0,2018-04-28 21:17:32+00:00,1.0,0.0,0.0,@fox xfinity commentators need way more training. Stick to driving boys,362,@FOX
0.0,2018-04-28 21:16:44+00:00,1.0,0.0,0.0,@VancityReynolds @GroovyBruce @fox can we have an old man Deadpool movie #greenlightthis,363,@FOX
-0.721,2018-04-28 21:14:15+00:00,0.646,0.354,0.0,@Shrillvoice @_SeanDean @FLOTUS @fox @realDonaldTrump You have a problem with comprehension don‚Äôt you? SMH!,364,@FOX
-0.633,2018-04-28 21:14:03+00:00,0.756,0.244,0.0,"@DeplorableNew @_SeanDean @FLOTUS @fox You throw around the words ""proof"" and ""proven"" quite lightly.  With no problem, eh?",365,@FOX
0.0,2018-04-28 21:11:32+00:00,1.0,0.0,0.0,"@DeplorableNew @_SeanDean @FLOTUS @fox Are you referring to @realDonaldTrump here, I presume?",366,@FOX
0.0,2018-04-28 21:06:03+00:00,1.0,0.0,0.0,"RT @kReEsTaL: Why give a conference talk? But also, why not. https://t.co/hG41FMRId3 (via @fox)",367,@FOX
0.0,2018-04-28 20:59:08+00:00,1.0,0.0,0.0,"Tom Brokaw‚Äôs letter mentions that he introduced Linda Vester to Roger Ailes &amp; helped her get a job at @Fox.

She wo‚Ä¶ https://t.co/jXQi9wJgOp",368,@FOX
-0.296,2018-04-28 20:49:56+00:00,0.901,0.099,0.0,"RT @MarinaGonzlezn3: El tiempo no tiene paso en nosotros, esperaremos lo que tengamos que esperar por un nuevo proyecto juntos @HazalKaya11‚Ä¶",369,@FOX
-0.296,2018-04-28 20:42:01+00:00,0.901,0.099,0.0,"RT @MarinaGonzlezn3: El tiempo no tiene paso en nosotros, esperaremos lo que tengamos que esperar por un nuevo proyecto juntos @HazalKaya11‚Ä¶",370,@FOX
-0.296,2018-04-28 20:41:04+00:00,0.901,0.099,0.0,"RT @MarinaGonzlezn3: El tiempo no tiene paso en nosotros, esperaremos lo que tengamos que esperar por un nuevo proyecto juntos @HazalKaya11‚Ä¶",371,@FOX
0.0,2018-04-28 20:39:22+00:00,1.0,0.0,0.0,"RT @kReEsTaL: Why give a conference talk? But also, why not. https://t.co/hG41FMRId3 (via @fox)",372,@FOX
0.0,2018-04-28 20:36:59+00:00,1.0,0.0,0.0,"@sjj5614 @DIRECTVNowHelp @fox I know, man. Every. Single. Night.",373,@FOX
0.0,2018-04-28 20:36:38+00:00,1.0,0.0,0.0,"RT @kReEsTaL: Why give a conference talk? But also, why not. https://t.co/hG41FMRId3 (via @fox)",374,@FOX
0.637,2018-04-28 20:36:23+00:00,0.679,0.0,0.321,"@TimTimgiles2 @DIRECTVNowHelp @fox Yes, I agree. YoutubeTV has them for the Portland area, btw.",375,@FOX
0.0,2018-04-28 20:35:56+00:00,1.0,0.0,0.0,"Why give a conference talk? But also, why not. https://t.co/hG41FMRId3 (via @fox)",376,@FOX
-0.296,2018-04-28 20:35:00+00:00,0.901,0.099,0.0,"RT @MarinaGonzlezn3: El tiempo no tiene paso en nosotros, esperaremos lo que tengamos que esperar por un nuevo proyecto juntos @HazalKaya11‚Ä¶",377,@FOX
-0.296,2018-04-28 20:27:18+00:00,0.901,0.099,0.0,"RT @MarinaGonzlezn3: El tiempo no tiene paso en nosotros, esperaremos lo que tengamos que esperar por un nuevo proyecto juntos @HazalKaya11‚Ä¶",378,@FOX
-0.296,2018-04-28 20:26:47+00:00,0.901,0.099,0.0,"RT @MarinaGonzlezn3: El tiempo no tiene paso en nosotros, esperaremos lo que tengamos que esperar por un nuevo proyecto juntos @HazalKaya11‚Ä¶",379,@FOX
0.0,2018-04-28 20:26:30+00:00,1.0,0.0,0.0,RT @RobertDRoseJr1: üá∫üá∏@realDonaldTrump @TheView @ap @CNNPolitics @USATODAY @abc @nbc @cbs @cmoraff @fox @NBCPolitics @ABCPolitics @CBSNews‚Ä¶,380,@FOX
-0.296,2018-04-28 20:22:52+00:00,0.901,0.099,0.0,"RT @MarinaGonzlezn3: El tiempo no tiene paso en nosotros, esperaremos lo que tengamos que esperar por un nuevo proyecto juntos @HazalKaya11‚Ä¶",381,@FOX
-0.296,2018-04-28 20:21:41+00:00,0.901,0.099,0.0,"RT @MarinaGonzlezn3: El tiempo no tiene paso en nosotros, esperaremos lo que tengamos que esperar por un nuevo proyecto juntos @HazalKaya11‚Ä¶",382,@FOX
-0.296,2018-04-28 20:14:02+00:00,0.901,0.099,0.0,"RT @MarinaGonzlezn3: El tiempo no tiene paso en nosotros, esperaremos lo que tengamos que esperar por un nuevo proyecto juntos @HazalKaya11‚Ä¶",383,@FOX
-0.296,2018-04-28 20:13:49+00:00,0.901,0.099,0.0,"RT @MarinaGonzlezn3: El tiempo no tiene paso en nosotros, esperaremos lo que tengamos que esperar por un nuevo proyecto juntos @HazalKaya11‚Ä¶",384,@FOX
-0.511,2018-04-28 20:02:20+00:00,0.82,0.18,0.0,@Shrillvoice @_SeanDean @FLOTUS @fox Go ahead and believe the pathological liar because it suits your narrative.,385,@FOX
-0.571,2018-04-28 20:01:32+00:00,0.813,0.187,0.0,@Shrillvoice @_SeanDean @FLOTUS @fox Not narrow minded just stating facts!its been proven pathological liars can pa‚Ä¶ https://t.co/r4aIr82tWk,386,@FOX
0.301,2018-04-28 19:38:16+00:00,0.871,0.0,0.129,@raeee_anne @archerfxx @BobsBurgersFOX Kinda looks like Dylan Mcdermett in the @fox show LA to Vegas #captaindave,387,@FOX
-0.296,2018-04-28 19:21:22+00:00,0.901,0.099,0.0,"RT @MarinaGonzlezn3: El tiempo no tiene paso en nosotros, esperaremos lo que tengamos que esperar por un nuevo proyecto juntos @HazalKaya11‚Ä¶",388,@FOX
-0.296,2018-04-28 19:16:41+00:00,0.901,0.099,0.0,"RT @MarinaGonzlezn3: El tiempo no tiene paso en nosotros, esperaremos lo que tengamos que esperar por un nuevo proyecto juntos @HazalKaya11‚Ä¶",389,@FOX
0.0,2018-04-28 19:12:19+00:00,1.0,0.0,0.0,You know @MSNBC has to be loosing their fucking mind right now. They're the only one nipping at @Fox's heels in the‚Ä¶ https://t.co/dCG05wx38g,390,@FOX
0.0,2018-04-28 19:11:40+00:00,1.0,0.0,0.0,@DeplorableNew @_SeanDean @FLOTUS @fox Right.  Gotcha.  Always some reason to mindlessly discredit things that don'‚Ä¶ https://t.co/0FNW3itzmZ,391,@FOX
-0.296,2018-04-28 19:11:19+00:00,0.901,0.099,0.0,"RT @MarinaGonzlezn3: El tiempo no tiene paso en nosotros, esperaremos lo que tengamos que esperar por un nuevo proyecto juntos @HazalKaya11‚Ä¶",392,@FOX
0.0,2018-04-28 19:10:10+00:00,1.0,0.0,0.0,@DeplorableNew @_SeanDean @FLOTUS @fox Years later... So might the doorman wife.  My point is that it doesn't const‚Ä¶ https://t.co/cowv0BIyOr,393,@FOX
-0.296,2018-04-28 19:09:56+00:00,0.901,0.099,0.0,"RT @MarinaGonzlezn3: El tiempo no tiene paso en nosotros, esperaremos lo que tengamos que esperar por un nuevo proyecto juntos @HazalKaya11‚Ä¶",394,@FOX
-0.296,2018-04-28 19:07:38+00:00,0.901,0.099,0.0,"RT @MarinaGonzlezn3: El tiempo no tiene paso en nosotros, esperaremos lo que tengamos que esperar por un nuevo proyecto juntos @HazalKaya11‚Ä¶",395,@FOX
-0.188,2018-04-29 02:23:02+00:00,0.727,0.159,0.114,@Sportsnstuff91 @nytimes Are you implying that people are never  refused health care in America?,396,@NYTIMES
0.358,2018-04-29 02:23:02+00:00,0.619,0.15,0.231,"RT @nytimes: ‚ÄúMy gladiator lay down his shield and gained his wings at 02.30 a.m. Absolutely heartbroken. I love you, my guy.‚Äù https://t.co‚Ä¶",397,@NYTIMES
0.44,2018-04-29 02:23:00+00:00,0.896,0.0,0.104,"RT @nytimes: Opinion: ""The good news is that more and more cities are deciding to wrest control of their streets back from the tyranny of t‚Ä¶",398,@NYTIMES
0.0,2018-04-29 02:22:58+00:00,1.0,0.0,0.0,@realDonaldTrump; @statedeptspox; @StateDept; @nikkihaley; @CENTCOMArabic; @CENTCOMFarsi ; @DeptofDefense; @USArmy;‚Ä¶ https://t.co/UqCKUrTK3o,399,@NYTIMES
0.178,2018-04-29 02:22:58+00:00,0.928,0.0,0.072,"RT @RosieBarton: If you watched The Cosby show every Thursday growing up, this is a must read. Cliff Huxtable Was Bill Cosby‚Äôs Sickest Joke‚Ä¶",400,@NYTIMES
0.0,2018-04-29 02:22:57+00:00,1.0,0.0,0.0,RT @nywolforg: Did you know that the black fur of some North American wolves is the result of long-ago dalliances with domestic dogs some 1‚Ä¶,401,@NYTIMES
0.0,2018-04-29 02:22:56+00:00,1.0,0.0,0.0,"RT @AriFleischer: ‚ÄúA spokeswoman for Mr. Tester declined to comment on Friday night.‚Äù   

Sen. Tester is a hit and run driver.  He must not‚Ä¶",402,@NYTIMES
0.402,2018-04-29 02:22:53+00:00,0.828,0.0,0.172,@EmmanuelOrtegaZ @CNN @realDonaldTrump @Acosta @VicenteFoxQue @washingtonpost @nytimes Kind of wish that eagle woul‚Ä¶ https://t.co/VQF61SOYpi,403,@NYTIMES
-0.836,2018-04-29 02:22:51+00:00,0.604,0.317,0.079,"RT @TodayIn1968: In Vietnam, some black soldiers tell the @nytimes that fighting in the war helps offer a buffer to the racism they face ba‚Ä¶",404,@NYTIMES
0.0,2018-04-29 02:22:48+00:00,1.0,0.0,0.0,"RT @AriFleischer: ‚ÄúA spokeswoman for Mr. Tester declined to comment on Friday night.‚Äù   

Sen. Tester is a hit and run driver.  He must not‚Ä¶",405,@NYTIMES
-0.649,2018-04-29 02:22:47+00:00,0.751,0.249,0.0,"RT @nytimes: Larry Harvey, the Man Behind Burning Man, Is Dead at 70 https://t.co/qprHPecVLx",406,@NYTIMES
0.0,2018-04-29 02:22:47+00:00,1.0,0.0,0.0,"@SkyVendor3 @jonathanweisman @nytimes They're named to Johnathan Weisman who is attesting to their existence.

Some‚Ä¶ https://t.co/IdlVoIdj6y",407,@NYTIMES
-0.844,2018-04-29 02:22:46+00:00,0.698,0.302,0.0,"RT @DanBarryNYT: With taunts and guile, he left a trail of horror in his wake. The chilling story of the Golden State Killer, by a stellar‚Ä¶",408,@NYTIMES
0.0,2018-04-29 02:22:40+00:00,1.0,0.0,0.0,"RT @AriFleischer: ‚ÄúA spokeswoman for Mr. Tester declined to comment on Friday night.‚Äù   

Sen. Tester is a hit and run driver.  He must not‚Ä¶",409,@NYTIMES
-0.296,2018-04-29 02:22:39+00:00,0.872,0.128,0.0,"Antivaxxers go to the dogs

No, Your Dog Can‚Äôt Get Autism From a Vaccine   via @NYTimes https://t.co/HTZIgjJqK9",410,@NYTIMES
0.358,2018-04-29 02:22:38+00:00,0.619,0.15,0.231,"RT @nytimes: ‚ÄúMy gladiator lay down his shield and gained his wings at 02.30 a.m. Absolutely heartbroken. I love you, my guy.‚Äù https://t.co‚Ä¶",411,@NYTIMES
0.0,2018-04-29 02:22:37+00:00,1.0,0.0,0.0,"RT @Tribeca: Oscar nominee @LizGarbus explores journalism in the Trump era in #Tribeca2018's closing night selection, THE FOURTH ESTATE. Wa‚Ä¶",412,@NYTIMES
0.0,2018-04-29 02:22:36+00:00,1.0,0.0,0.0,RT @IngrahamAngle: The @nytimes finally uses word ‚Äúinvaded‚Äù re. migrants...streaming into Brazil!  https://t.co/8f2H4BiY0t,413,@NYTIMES
0.751,2018-04-29 02:22:35+00:00,0.738,0.0,0.262,"RT @SpicyFiles: This is the list of Pulitzer Prize Winners.
@RonanFarrow reports brought us: #metoo &amp; #timesup

@washingtonpost @nytimes Ru‚Ä¶",414,@NYTIMES
0.0,2018-04-29 02:22:30+00:00,1.0,0.0,0.0,RT @IngrahamAngle: The @nytimes finally uses word ‚Äúinvaded‚Äù re. migrants...streaming into Brazil!  https://t.co/8f2H4BiY0t,415,@NYTIMES
0.422,2018-04-29 02:22:26+00:00,0.797,0.0,0.203,"RT @nytimes: ""Have you met James? James saved a lot of lives."" https://t.co/llXGAsenX6",416,@NYTIMES
0.0,2018-04-29 02:22:25+00:00,1.0,0.0,0.0,RT @nywolforg: Did you know that the black fur of some North American wolves is the result of long-ago dalliances with domestic dogs some 1‚Ä¶,417,@NYTIMES
0.0,2018-04-29 02:22:22+00:00,1.0,0.0,0.0,"Exactly! What say u, @DNC @HillaryClinton @CNN @MSNBC @ABC @CBS @nbc @nytimes @washingtonpost @NewYorker??? @POTUS‚Ä¶ https://t.co/Gf545TUq5B",418,@NYTIMES
0.0,2018-04-29 02:22:22+00:00,1.0,0.0,0.0,@RickAnderson @nytimes @realDonaldTrump Bingo!,419,@NYTIMES
0.178,2018-04-29 02:22:21+00:00,0.928,0.0,0.072,"RT @RosieBarton: If you watched The Cosby show every Thursday growing up, this is a must read. Cliff Huxtable Was Bill Cosby‚Äôs Sickest Joke‚Ä¶",420,@NYTIMES
0.0,2018-04-29 02:22:19+00:00,1.0,0.0,0.0,RT @nywolforg: Did you know that the black fur of some North American wolves is the result of long-ago dalliances with domestic dogs some 1‚Ä¶,421,@NYTIMES
0.0,2018-04-29 02:22:18+00:00,1.0,0.0,0.0,RT @nywolforg: Did you know that the black fur of some North American wolves is the result of long-ago dalliances with domestic dogs some 1‚Ä¶,422,@NYTIMES
0.0,2018-04-29 02:22:17+00:00,1.0,0.0,0.0,"RT @TrinityNYC: „Çª„ÇØ„Ç∑„É£„É´„Éè„É©„Çπ„É°„É≥„Éà„ÇÑÊÄßÂ∑ÆÂà•„ÅåËîìÂª∂„Åó„Å¶„ÅÑ„Åü„Éä„Ç§„Ç≠Á§æ„ÄÇ‰∫∫‰∫ãÈÉ®„Å´„ÅØÈ†º„Çå„Å™„ÅÑ„Å®„ÄÅÂ•≥ÊÄßÂæìÊ•≠Âì°„ÅåÂÜÖÈÉ®Ë™øÊüª„ÇíÊä±„Åà„Å¶„ÄÅCEO„Å´Áõ¥Ë®¥„ÄÅÁî∑ÊÄß„ÅÆ„Ç∑„Éã„Ç¢„Éª„Ç®„Ç∞„Çº„ÇØ„ÉÜ„Ç£„Éñ„ÅåÊ¨°„ÄÖ„Å®Ëæû‰ªª„Åô„Çã„Åì„Å®„Å´„ÄÇ

At Nike, Revolt Led by Women Leads‚Ä¶",423,@NYTIMES
0.477,2018-04-29 02:22:14+00:00,0.846,0.0,0.154,"RT @nytimes: We fact-checked President Trump‚Äôs ""Fox &amp; Friends"" interview. Here's an assessment of what he said. https://t.co/G5t3a95Cfz",424,@NYTIMES
0.34,2018-04-29 02:22:13+00:00,0.902,0.0,0.098,"RT @jonathanweisman: As part of the team that brought you coverage of the Jackson nomination, I can assure readers that @nytimes did not go‚Ä¶",425,@NYTIMES
0.0,2018-04-29 02:22:11+00:00,1.0,0.0,0.0,"RT @Tribeca: Oscar nominee @LizGarbus explores journalism in the Trump era in #Tribeca2018's closing night selection, THE FOURTH ESTATE. Wa‚Ä¶",426,@NYTIMES
0.893,2018-04-29 02:22:04+00:00,0.692,0.0,0.308,"RT @nytimes: ""When you fall in love, when you have fun with somebody, when you enjoy the way they see the world, nobody ever says, 'this pe‚Ä¶",427,@NYTIMES
0.0,2018-04-29 02:22:04+00:00,1.0,0.0,0.0,"RT @AriFleischer: ‚ÄúA spokeswoman for Mr. Tester declined to comment on Friday night.‚Äù   

Sen. Tester is a hit and run driver.  He must not‚Ä¶",428,@NYTIMES
-0.924,2018-04-29 02:22:02+00:00,0.564,0.436,0.0,@nytimes There should be human rights violations levied against the UK by the UN for this horrific injustice. Monstrous.,429,@NYTIMES
0.0,2018-04-29 02:21:54+00:00,1.0,0.0,0.0,If only I‚Äôd known the way to get into the @nytimes was via the photos of my 90s bedroom I put on Tumblr 5 years ago‚Ä¶ https://t.co/5iOWYfGPvt,430,@NYTIMES
0.358,2018-04-29 02:21:46+00:00,0.619,0.15,0.231,"RT @nytimes: ‚ÄúMy gladiator lay down his shield and gained his wings at 02.30 a.m. Absolutely heartbroken. I love you, my guy.‚Äù https://t.co‚Ä¶",431,@NYTIMES
-0.649,2018-04-29 02:21:45+00:00,0.751,0.249,0.0,"RT @nytimes: Larry Harvey, the Man Behind Burning Man, Is Dead at 70 https://t.co/qprHPecVLx",432,@NYTIMES
0.0,2018-04-29 02:21:37+00:00,1.0,0.0,0.0,RT @JusticeEdition: @HappyPatriotGal @cnn @msnbc @foxnews @foxbusiness @potus @nytimes @washingtonpost @maxinewaters @jaketapper @ChrisCuom‚Ä¶,433,@NYTIMES
0.0,2018-04-29 02:21:37+00:00,1.0,0.0,0.0,"RT @nytimes: Six months ago, a parks official came across 2 boxes that had been sitting around for decades. Inside were 2,924 slides that n‚Ä¶",434,@NYTIMES
-0.337,2018-04-29 02:21:36+00:00,0.825,0.175,0.0,‚ÄúIt was really hard to watch this. It was hard to replay last year...‚Äù - @MarkMazzettiNYT #TheFourthEstate @nytimes #Tribeca2018,435,@NYTIMES
-0.649,2018-04-29 02:21:35+00:00,0.751,0.249,0.0,"RT @nytimes: Larry Harvey, the Man Behind Burning Man, Is Dead at 70 https://t.co/qprHPecVLx",436,@NYTIMES
0.0,2018-04-29 02:21:33+00:00,1.0,0.0,0.0,"RT @AriFleischer: ‚ÄúA spokeswoman for Mr. Tester declined to comment on Friday night.‚Äù   

Sen. Tester is a hit and run driver.  He must not‚Ä¶",437,@NYTIMES
-0.649,2018-04-29 02:21:32+00:00,0.751,0.249,0.0,"RT @nytimes: Larry Harvey, the Man Behind Burning Man, Is Dead at 70 https://t.co/qprHPecVLx",438,@NYTIMES
0.358,2018-04-29 02:21:31+00:00,0.619,0.15,0.231,"RT @nytimes: ‚ÄúMy gladiator lay down his shield and gained his wings at 02.30 a.m. Absolutely heartbroken. I love you, my guy.‚Äù https://t.co‚Ä¶",439,@NYTIMES
0.688,2018-04-29 02:21:29+00:00,0.779,0.0,0.221,"‚ÄúWhen you have a White House that is so focused on assassinating everything you do, you have to make sure you‚Äôre bu‚Ä¶ https://t.co/SRjWiZkpKv",440,@NYTIMES
0.44,2018-04-29 02:21:28+00:00,0.896,0.0,0.104,"RT @nytimes: Opinion: ""The good news is that more and more cities are deciding to wrest control of their streets back from the tyranny of t‚Ä¶",441,@NYTIMES
0.0,2018-04-29 02:21:23+00:00,1.0,0.0,0.0,"RT @AriFleischer: ‚ÄúA spokeswoman for Mr. Tester declined to comment on Friday night.‚Äù   

Sen. Tester is a hit and run driver.  He must not‚Ä¶",442,@NYTIMES
-0.296,2018-04-29 02:21:19+00:00,0.864,0.136,0.0,RT @NawafAlThani: Via @nytimes ‚ÄúPompeo‚Äôs Message to Saudis? Enough Is Enough: Stop #Qatar Blockade‚Äù https://t.co/rts0H5PYcS -,443,@NYTIMES
0.0,2018-04-29 02:21:18+00:00,1.0,0.0,0.0,"RT @AriFleischer: ‚ÄúA spokeswoman for Mr. Tester declined to comment on Friday night.‚Äù   

Sen. Tester is a hit and run driver.  He must not‚Ä¶",444,@NYTIMES
-0.153,2018-04-29 02:21:11+00:00,0.769,0.128,0.103,"RT @NBSaphierMD: Under rules of desperation oncology, you engage in a different kind of oncology than the rational guideline thought.
#canc‚Ä¶",445,@NYTIMES
-0.649,2018-04-29 02:21:11+00:00,0.751,0.249,0.0,"RT @nytimes: Larry Harvey, the Man Behind Burning Man, Is Dead at 70 https://t.co/qprHPecVLx",446,@NYTIMES
-0.296,2018-04-29 02:21:11+00:00,0.845,0.155,0.0,Pompeo‚Äôs Message to Saudis? Enough Is Enough: Stop Qatar Blockade   via @NYTimes https://t.co/TcVlFjBJxI,447,@NYTIMES
0.358,2018-04-29 02:21:07+00:00,0.619,0.15,0.231,"RT @nytimes: ‚ÄúMy gladiator lay down his shield and gained his wings at 02.30 a.m. Absolutely heartbroken. I love you, my guy.‚Äù https://t.co‚Ä¶",448,@NYTIMES
0.0,2018-04-29 02:21:05+00:00,1.0,0.0,0.0,"RT @TrinityNYC: „Çª„ÇØ„Ç∑„É£„É´„Éè„É©„Çπ„É°„É≥„Éà„ÇÑÊÄßÂ∑ÆÂà•„ÅåËîìÂª∂„Åó„Å¶„ÅÑ„Åü„Éä„Ç§„Ç≠Á§æ„ÄÇ‰∫∫‰∫ãÈÉ®„Å´„ÅØÈ†º„Çå„Å™„ÅÑ„Å®„ÄÅÂ•≥ÊÄßÂæìÊ•≠Âì°„ÅåÂÜÖÈÉ®Ë™øÊüª„ÇíÊä±„Åà„Å¶„ÄÅCEO„Å´Áõ¥Ë®¥„ÄÅÁî∑ÊÄß„ÅÆ„Ç∑„Éã„Ç¢„Éª„Ç®„Ç∞„Çº„ÇØ„ÉÜ„Ç£„Éñ„ÅåÊ¨°„ÄÖ„Å®Ëæû‰ªª„Åô„Çã„Åì„Å®„Å´„ÄÇ

At Nike, Revolt Led by Women Leads‚Ä¶",449,@NYTIMES
0.751,2018-04-29 02:21:04+00:00,0.738,0.0,0.262,"RT @SpicyFiles: This is the list of Pulitzer Prize Winners.
@RonanFarrow reports brought us: #metoo &amp; #timesup

@washingtonpost @nytimes Ru‚Ä¶",450,@NYTIMES
-0.077,2018-04-29 02:21:04+00:00,0.741,0.136,0.123,"The big awards tonight at the Correspondents Dinner go to Maggie Haberman from the failing @nytimes, Lester Holt fr‚Ä¶ https://t.co/RbA4qGEDZU",451,@NYTIMES
0.153,2018-04-29 02:21:03+00:00,0.405,0.275,0.321,"@nytimes In America, thousands of poor people die prematurely due to difficult access to medical care.  Nobody cares.  God bless capitalism.",452,@NYTIMES
0.0,2018-04-29 02:21:01+00:00,1.0,0.0,0.0,"RT @AriFleischer: ‚ÄúA spokeswoman for Mr. Tester declined to comment on Friday night.‚Äù   

Sen. Tester is a hit and run driver.  He must not‚Ä¶",453,@NYTIMES
0.0,2018-04-29 02:20:58+00:00,1.0,0.0,0.0,"RT @AriFleischer: ‚ÄúA spokeswoman for Mr. Tester declined to comment on Friday night.‚Äù   

Sen. Tester is a hit and run driver.  He must not‚Ä¶",454,@NYTIMES
0.44,2018-04-29 02:20:54+00:00,0.896,0.0,0.104,"RT @nytimes: Opinion: ""The good news is that more and more cities are deciding to wrest control of their streets back from the tyranny of t‚Ä¶",455,@NYTIMES
-0.296,2018-04-29 02:20:50+00:00,0.896,0.104,0.0,"@AriFleischer @nytimes Why did the doctor withdraw? If there was no substance  to the allegations, why not go befor‚Ä¶ https://t.co/DzZt4JOkq1",456,@NYTIMES
0.0,2018-04-29 02:20:48+00:00,1.0,0.0,0.0,RT @MonicaAparicioA: @ngotranslations @vanessaneumann @lapagapeo @Sandra_1B @espiralveintiun @WatchPopulistIr @O19873000 @ZMimiba @FridaSiK‚Ä¶,457,@NYTIMES
0.0,2018-04-29 02:20:43+00:00,1.0,0.0,0.0,"RT @nytimes: Six months ago, a parks official came across 2 boxes that had been sitting around for decades. Inside were 2,924 slides that n‚Ä¶",458,@NYTIMES
-0.649,2018-04-29 02:20:38+00:00,0.751,0.249,0.0,"RT @nytimes: Larry Harvey, the Man Behind Burning Man, Is Dead at 70 https://t.co/qprHPecVLx",459,@NYTIMES
0.0,2018-04-29 02:20:35+00:00,1.0,0.0,0.0,RT @MeiniDanilo: @JRothenbergTV @TheCW @cwthe100 @warnerbrostv @WarnerBrosEnt @timscanlan @DrLawyercop @The100writers @glaad @PFLAG @BuzzFe‚Ä¶,460,@NYTIMES
0.0,2018-04-29 02:20:34+00:00,1.0,0.0,0.0,RT @MeiniDanilo: @JRothenbergTV @TheCW @cwthe100 @warnerbrostv @WarnerBrosEnt @timscanlan @DrLawyercop @The100writers @glaad @PFLAG @BuzzFe‚Ä¶,461,@NYTIMES
0.382,2018-04-29 02:20:33+00:00,0.852,0.0,0.148,@nytimes Where was the coverage of the story while Alfie was alive advocating for his life?,462,@NYTIMES
0.0,2018-04-29 02:20:33+00:00,1.0,0.0,0.0,"RT @BilgeEbiri: Just saw the first episode of @lizgarbus's THE FOURTH ESTATE, about the @nytimes in the age of Trump, at #Tribeca2018. Abso‚Ä¶",463,@NYTIMES
0.0,2018-04-29 02:20:32+00:00,1.0,0.0,0.0,RT @MeiniDanilo: @JRothenbergTV @TheCW @cwthe100 @warnerbrostv @WarnerBrosEnt @timscanlan @DrLawyercop @The100writers @glaad @PFLAG @BuzzFe‚Ä¶,464,@NYTIMES
0.358,2018-04-29 02:20:24+00:00,0.619,0.15,0.231,"RT @nytimes: ‚ÄúMy gladiator lay down his shield and gained his wings at 02.30 a.m. Absolutely heartbroken. I love you, my guy.‚Äù https://t.co‚Ä¶",465,@NYTIMES
0.0,2018-04-29 02:20:24+00:00,1.0,0.0,0.0,"RT @nytimes: Mark your calendars, New Jersey: November 17 will be Danny DeVito Day. https://t.co/ouwZ1aGbFm",466,@NYTIMES
-0.67,2018-04-29 02:20:22+00:00,0.817,0.183,0.0,"@nytimes NYT, Gotten so bad you have to pander to children now? You are reaping what you have sown.

#MAGA #KAG2020",467,@NYTIMES
0.0,2018-04-29 02:20:22+00:00,1.0,0.0,0.0,"Souvenirs 101, via @nytimes https://t.co/GM8EKN6GxN",468,@NYTIMES
0.0,2018-04-29 02:20:21+00:00,1.0,0.0,0.0,RT @nytimes: A memorial in Alabama demands a reckoning with one of America's least recognized atrocities: the lynching of thousands of blac‚Ä¶,469,@NYTIMES
0.34,2018-04-29 02:20:18+00:00,0.902,0.0,0.098,"RT @jonathanweisman: As part of the team that brought you coverage of the Jackson nomination, I can assure readers that @nytimes did not go‚Ä¶",470,@NYTIMES
0.341,2018-04-29 02:20:16+00:00,0.888,0.0,0.112,"RT @Jerigo1Stuart: @washingtonpost @nytimes 
POTUS is much too thin-skinned to be leading a democracy. He cannot take any criticism. And he‚Ä¶",471,@NYTIMES
0.0,2018-04-29 02:20:12+00:00,1.0,0.0,0.0,RT @nytimes: Archaeologists in Peru say they have found evidence of what could be one of the world‚Äôs largest single cases of child sacrific‚Ä¶,472,@NYTIMES
0.358,2018-04-29 02:20:11+00:00,0.619,0.15,0.231,"RT @nytimes: ‚ÄúMy gladiator lay down his shield and gained his wings at 02.30 a.m. Absolutely heartbroken. I love you, my guy.‚Äù https://t.co‚Ä¶",473,@NYTIMES
0.341,2018-04-29 02:20:07+00:00,0.876,0.0,0.124,"@washingtonpost @nytimes 
POTUS is much too thin-skinned to be leading a democracy. He cannot take any criticism. A‚Ä¶ https://t.co/zGv3tukuxh",474,@NYTIMES
0.0,2018-04-29 02:20:06+00:00,1.0,0.0,0.0,"Trump‚Äôs Role in Midterm Elections Roils Republicans, via @nytimes https://t.co/AWD57w6wcS",475,@NYTIMES
-0.649,2018-04-29 02:20:03+00:00,0.751,0.249,0.0,"RT @nytimes: Larry Harvey, the Man Behind Burning Man, Is Dead at 70 https://t.co/qprHPecVLx",476,@NYTIMES
0.077,2018-04-29 02:20:02+00:00,0.733,0.126,0.141,"RT @nytimes: After firing the House chaplain, Paul Ryan faced pushback in his own party https://t.co/rXjD4ZPV0d",477,@NYTIMES
-0.459,2018-04-29 02:20:02+00:00,0.885,0.115,0.0,"RT @QuinnBx: Usually silent ‚ÄúLow life‚Äù @jontester has been owned by lobbyists since he arrived in 2006, which is why he attacked VA Candida‚Ä¶",478,@NYTIMES
0.0,2018-04-29 02:20:01+00:00,1.0,0.0,0.0,"RT @TrinityNYC: „Çª„ÇØ„Ç∑„É£„É´„Éè„É©„Çπ„É°„É≥„Éà„ÇÑÊÄßÂ∑ÆÂà•„ÅåËîìÂª∂„Åó„Å¶„ÅÑ„Åü„Éä„Ç§„Ç≠Á§æ„ÄÇ‰∫∫‰∫ãÈÉ®„Å´„ÅØÈ†º„Çå„Å™„ÅÑ„Å®„ÄÅÂ•≥ÊÄßÂæìÊ•≠Âì°„ÅåÂÜÖÈÉ®Ë™øÊüª„ÇíÊä±„Åà„Å¶„ÄÅCEO„Å´Áõ¥Ë®¥„ÄÅÁî∑ÊÄß„ÅÆ„Ç∑„Éã„Ç¢„Éª„Ç®„Ç∞„Çº„ÇØ„ÉÜ„Ç£„Éñ„ÅåÊ¨°„ÄÖ„Å®Ëæû‰ªª„Åô„Çã„Åì„Å®„Å´„ÄÇ

At Nike, Revolt Led by Women Leads‚Ä¶",479,@NYTIMES
0.757,2018-04-29 02:20:01+00:00,0.711,0.0,0.289,@maggieNYT Congrat's on being recognized with the #AldoBeckmanAward! Well deserved for your excellence as a journalist with @nytimes #WHCD,480,@NYTIMES
0.611,2018-04-29 02:19:54+00:00,0.606,0.121,0.272,"A completely free press, free from ratings and agendas, would be calling for the impeachment and prosecution of Tru‚Ä¶ https://t.co/IuWLw7jcwy",481,@NYTIMES
0.0,2018-04-29 02:19:49+00:00,1.0,0.0,0.0,"RT @AriFleischer: ‚ÄúA spokeswoman for Mr. Tester declined to comment on Friday night.‚Äù   

Sen. Tester is a hit and run driver.  He must not‚Ä¶",482,@NYTIMES
0.0,2018-04-29 02:19:49+00:00,1.0,0.0,0.0,"RT @nytimes: Six months ago, a parks official came across 2 boxes that had been sitting around for decades. Inside were 2,924 slides that n‚Ä¶",483,@NYTIMES
0.0,2018-04-29 02:19:48+00:00,1.0,0.0,0.0,RT @JusticeEdition: @HappyPatriotGal @cnn @msnbc @foxnews @foxbusiness @potus @nytimes @washingtonpost @maxinewaters @jaketapper @ChrisCuom‚Ä¶,484,@NYTIMES
-0.34,2018-04-29 02:19:46+00:00,0.902,0.098,0.0,RT @RickAnderson: It has only been 18 months since the @nytimes and many others made the colossal mistake of understand the motivators and‚Ä¶,485,@NYTIMES
0.0,2018-04-29 02:19:44+00:00,1.0,0.0,0.0,Why One Woman Testified Against Bill Cosby: ‚ÄòI Had the Strength‚Äô   via @NYTimes https://t.co/NmeseW0X1V,486,@NYTIMES
0.103,2018-04-29 02:19:42+00:00,0.931,0.0,0.069,RT @profmusgrave: This is important but attributing it to a Qatari ‚Äúcharm offensive‚Äù seems presentist and one-sided: Pompeo‚Äôs Message to Sa‚Ä¶,487,@NYTIMES
0.44,2018-04-29 02:19:37+00:00,0.892,0.0,0.108,"RT @nytimes: In the corridors of American power, it can be as easy to find a man named John as it is to find a woman https://t.co/YbX50q6OXh",488,@NYTIMES
-0.459,2018-04-29 02:19:34+00:00,0.885,0.115,0.0,"RT @QuinnBx: Usually silent ‚ÄúLow life‚Äù @jontester has been owned by lobbyists since he arrived in 2006, which is why he attacked VA Candida‚Ä¶",489,@NYTIMES
0.0,2018-04-29 02:19:33+00:00,1.0,0.0,0.0,"1905
b. #GretaGarbo @SmithsonianMag https://t.co/yMUTW8UOoh
April 16, 1990 @nytimes https://t.co/IfCpyZ27FA‚Ä¶ https://t.co/7lFJLQD7no",490,@NYTIMES
-0.836,2018-04-29 02:19:32+00:00,0.604,0.317,0.079,"RT @TodayIn1968: In Vietnam, some black soldiers tell the @nytimes that fighting in the war helps offer a buffer to the racism they face ba‚Ä¶",491,@NYTIMES
0.844,2018-04-29 02:19:30+00:00,0.676,0.0,0.324,Omg omg omg @OKnox giving an a award to @maggieNYT two journalists I have looked up to and had the honor of working‚Ä¶ https://t.co/QUrYBp9sKD,492,@NYTIMES
-0.836,2018-04-29 02:19:27+00:00,0.604,0.317,0.079,"RT @TodayIn1968: In Vietnam, some black soldiers tell the @nytimes that fighting in the war helps offer a buffer to the racism they face ba‚Ä¶",493,@NYTIMES
-0.431,2018-04-29 02:19:25+00:00,0.808,0.192,0.0,@maxkeiser @nytimes The US is too bloodthirsty. Even the media cant stand peace.,494,@NYTIMES
0.0,2018-04-29 02:19:16+00:00,1.0,0.0,0.0,"RT @AriFleischer: ‚ÄúA spokeswoman for Mr. Tester declined to comment on Friday night.‚Äù   

Sen. Tester is a hit and run driver.  He must not‚Ä¶",495,@NYTIMES
